Date,sulfate,nitrate,ID
01-01-2001,NA,NA,2
02-01-2001,NA,NA,2
03-01-2001,NA,NA,2
04-01-2001,NA,NA,2
05-01-2001,NA,NA,2
06-01-2001,NA,NA,2
07-01-2001,NA,NA,2
08-01-2001,NA,NA,2
09-01-2001,NA,NA,2
10-01-2001,NA,NA,2
11-01-2001,NA,NA,2
12-01-2001,NA,NA,2
13-01-2001,NA,NA,2
14-01-2001,NA,NA,2
15-01-2001,NA,NA,2
16-01-2001,NA,NA,2
17-01-2001,NA,NA,2
18-01-2001,NA,NA,2
19-01-2001,2.3,0.699,2
20-01-2001,NA,NA,2
21-01-2001,NA,NA,2
22-01-2001,NA,NA,2
23-01-2001,NA,NA,2
24-01-2001,NA,NA,2
25-01-2001,2.19,4.97,2
26-01-2001,NA,NA,2
27-01-2001,NA,NA,2
28-01-2001,NA,NA,2
29-01-2001,NA,NA,2
30-01-2001,NA,NA,2
31-01-2001,1.2,1.33,2
01-02-2001,NA,NA,2
02-02-2001,NA,NA,2
03-02-2001,2.23,1.91,2
04-02-2001,NA,NA,2
05-02-2001,NA,NA,2
06-02-2001,4.15,1.39,2
07-02-2001,NA,NA,2
08-02-2001,NA,NA,2
09-02-2001,3,0.867,2
10-02-2001,NA,NA,2
11-02-2001,NA,NA,2
12-02-2001,4.04,1.41,2
13-02-2001,NA,NA,2
14-02-2001,NA,NA,2
15-02-2001,4.79,0.582,2
16-02-2001,NA,NA,2
17-02-2001,NA,NA,2
18-02-2001,2.05,3.57,2
19-02-2001,NA,NA,2
20-02-2001,NA,NA,2
21-02-2001,7.93,2.21,2
22-02-2001,NA,NA,2
23-02-2001,NA,NA,2
24-02-2001,7.74,0.735,2
25-02-2001,NA,NA,2
26-02-2001,NA,NA,2
27-02-2001,2.63,1.57,2
28-02-2001,NA,NA,2
01-03-2001,NA,NA,2
02-03-2001,3.8,1.37,2
03-03-2001,NA,NA,2
04-03-2001,NA,NA,2
05-03-2001,3.52,3.85,2
06-03-2001,NA,NA,2
07-03-2001,NA,NA,2
08-03-2001,3.7,1.79,2
09-03-2001,NA,NA,2
10-03-2001,NA,NA,2
11-03-2001,3.9,1.63,2
12-03-2001,NA,NA,2
13-03-2001,NA,NA,2
14-03-2001,2.72,1.18,2
15-03-2001,NA,NA,2
16-03-2001,NA,NA,2
17-03-2001,5.95,0.655,2
18-03-2001,NA,NA,2
19-03-2001,NA,NA,2
20-03-2001,2.11,0.764,2
21-03-2001,NA,NA,2
22-03-2001,NA,NA,2
23-03-2001,6.4,2.81,2
24-03-2001,NA,NA,2
25-03-2001,NA,NA,2
26-03-2001,2.67,2.61,2
27-03-2001,NA,NA,2
28-03-2001,NA,NA,2
29-03-2001,3.92,2.19,2
30-03-2001,NA,NA,2
31-03-2001,NA,NA,2
01-04-2001,2.06,0.881,2
02-04-2001,NA,NA,2
03-04-2001,NA,NA,2
04-04-2001,1.89,1.17,2
05-04-2001,NA,NA,2
06-04-2001,NA,NA,2
07-04-2001,7.56,0.681,2
08-04-2001,NA,NA,2
09-04-2001,NA,NA,2
10-04-2001,6.87,1.12,2
11-04-2001,NA,NA,2
12-04-2001,NA,NA,2
13-04-2001,NA,NA,2
14-04-2001,NA,NA,2
15-04-2001,NA,NA,2
16-04-2001,3,0.596,2
17-04-2001,NA,NA,2
18-04-2001,NA,NA,2
19-04-2001,3.42,1.16,2
20-04-2001,NA,NA,2
21-04-2001,NA,NA,2
22-04-2001,3.76,0.713,2
23-04-2001,NA,NA,2
24-04-2001,NA,NA,2
25-04-2001,3.11,1.57,2
26-04-2001,NA,NA,2
27-04-2001,NA,NA,2
28-04-2001,NA,NA,2
29-04-2001,NA,NA,2
30-04-2001,NA,NA,2
01-05-2001,11.1,1,2
02-05-2001,NA,NA,2
03-05-2001,NA,NA,2
04-05-2001,4.6,0.859,2
05-05-2001,NA,NA,2
06-05-2001,NA,NA,2
07-05-2001,10.3,0.801,2
08-05-2001,NA,NA,2
09-05-2001,NA,NA,2
10-05-2001,4.7,1.23,2
11-05-2001,NA,NA,2
12-05-2001,NA,NA,2
13-05-2001,3.54,0.739,2
14-05-2001,NA,NA,2
15-05-2001,NA,NA,2
16-05-2001,NA,NA,2
17-05-2001,NA,NA,2
18-05-2001,NA,NA,2
19-05-2001,5.29,0.638,2
20-05-2001,NA,NA,2
21-05-2001,NA,NA,2
22-05-2001,1.51,0.505,2
23-05-2001,NA,NA,2
24-05-2001,NA,NA,2
25-05-2001,1.5,0.531,2
26-05-2001,NA,NA,2
27-05-2001,NA,NA,2
28-05-2001,4.38,0.615,2
29-05-2001,NA,NA,2
30-05-2001,NA,NA,2
31-05-2001,3.2,0.866,2
01-06-2001,NA,NA,2
02-06-2001,NA,NA,2
03-06-2001,NA,NA,2
04-06-2001,NA,NA,2
05-06-2001,NA,NA,2
06-06-2001,2.78,0.769,2
07-06-2001,NA,NA,2
08-06-2001,NA,NA,2
09-06-2001,10.7,0.688,2
10-06-2001,NA,NA,2
11-06-2001,NA,NA,2
12-06-2001,NA,NA,2
13-06-2001,NA,NA,2
14-06-2001,NA,NA,2
15-06-2001,3.63,0.725,2
16-06-2001,NA,NA,2
17-06-2001,NA,NA,2
18-06-2001,8.12,0.529,2
19-06-2001,NA,NA,2
20-06-2001,NA,NA,2
21-06-2001,6.83,0.723,2
22-06-2001,NA,NA,2
23-06-2001,NA,NA,2
24-06-2001,6.57,1.02,2
25-06-2001,NA,NA,2
26-06-2001,NA,NA,2
27-06-2001,3.92,0.561,2
28-06-2001,NA,NA,2
29-06-2001,NA,NA,2
30-06-2001,2.89,0.394,2
01-07-2001,NA,NA,2
02-07-2001,NA,NA,2
03-07-2001,3.15,0.661,2
04-07-2001,NA,NA,2
05-07-2001,NA,NA,2
06-07-2001,6.43,1.57,2
07-07-2001,NA,NA,2
08-07-2001,NA,NA,2
09-07-2001,6.04,0.337,2
10-07-2001,NA,NA,2
11-07-2001,NA,NA,2
12-07-2001,12.2,0.466,2
13-07-2001,NA,NA,2
14-07-2001,NA,NA,2
15-07-2001,12.1,0.522,2
16-07-2001,NA,NA,2
17-07-2001,NA,NA,2
18-07-2001,13.4,0.873,2
19-07-2001,NA,NA,2
20-07-2001,NA,NA,2
21-07-2001,10.5,1.29,2
22-07-2001,NA,NA,2
23-07-2001,NA,NA,2
24-07-2001,13.5,0.96,2
25-07-2001,NA,NA,2
26-07-2001,NA,NA,2
27-07-2001,2.67,0.576,2
28-07-2001,NA,NA,2
29-07-2001,NA,NA,2
30-07-2001,4.63,0.421,2
31-07-2001,NA,NA,2
01-08-2001,NA,NA,2
02-08-2001,NA,NA,2
03-08-2001,NA,NA,2
04-08-2001,NA,NA,2
05-08-2001,6.28,0.587,2
06-08-2001,NA,NA,2
07-08-2001,NA,NA,2
08-08-2001,5.85,0.487,2
09-08-2001,NA,NA,2
10-08-2001,NA,NA,2
11-08-2001,3.74,1,2
12-08-2001,NA,NA,2
13-08-2001,NA,NA,2
14-08-2001,8.36,0.979,2
15-08-2001,NA,NA,2
16-08-2001,NA,NA,2
17-08-2001,11.4,0.875,2
18-08-2001,NA,NA,2
19-08-2001,NA,NA,2
20-08-2001,4.41,0.544,2
21-08-2001,NA,NA,2
22-08-2001,NA,NA,2
23-08-2001,9.62,0.911,2
24-08-2001,NA,NA,2
25-08-2001,NA,NA,2
26-08-2001,10.8,0.472,2
27-08-2001,NA,NA,2
28-08-2001,NA,NA,2
29-08-2001,3.29,1.08,2
30-08-2001,NA,NA,2
31-08-2001,NA,NA,2
01-09-2001,3.64,1.35,2
02-09-2001,NA,NA,2
03-09-2001,NA,NA,2
04-09-2001,3.11,0.485,2
05-09-2001,NA,NA,2
06-09-2001,NA,NA,2
07-09-2001,4.36,0.341,2
08-09-2001,NA,NA,2
09-09-2001,NA,NA,2
10-09-2001,4.33,0.34,2
11-09-2001,NA,NA,2
12-09-2001,NA,NA,2
13-09-2001,12.5,1.09,2
14-09-2001,NA,NA,2
15-09-2001,NA,NA,2
16-09-2001,8.55,0.803,2
17-09-2001,NA,NA,2
18-09-2001,NA,NA,2
19-09-2001,6.85,0.365,2
20-09-2001,NA,NA,2
21-09-2001,NA,NA,2
22-09-2001,5.73,0.778,2
23-09-2001,NA,NA,2
24-09-2001,NA,NA,2
25-09-2001,NA,NA,2
26-09-2001,NA,NA,2
27-09-2001,NA,NA,2
28-09-2001,3.52,0.763,2
29-09-2001,NA,NA,2
30-09-2001,NA,NA,2
01-10-2001,4.38,0.829,2
02-10-2001,NA,NA,2
03-10-2001,NA,NA,2
04-10-2001,8.26,1.5,2
05-10-2001,NA,NA,2
06-10-2001,NA,NA,2
07-10-2001,NA,NA,2
08-10-2001,NA,NA,2
09-10-2001,NA,NA,2
10-10-2001,2.06,0.586,2
11-10-2001,NA,NA,2
12-10-2001,NA,NA,2
13-10-2001,1.85,0.617,2
14-10-2001,NA,NA,2
15-10-2001,NA,NA,2
16-10-2001,1.05,0.293,2
17-10-2001,NA,NA,2
18-10-2001,NA,NA,2
19-10-2001,4.3,1.18,2
20-10-2001,NA,NA,2
21-10-2001,NA,NA,2
22-10-2001,NA,NA,2
23-10-2001,NA,NA,2
24-10-2001,NA,NA,2
25-10-2001,NA,NA,2
26-10-2001,NA,NA,2
27-10-2001,NA,NA,2
28-10-2001,2.84,0.755,2
29-10-2001,NA,NA,2
30-10-2001,NA,NA,2
31-10-2001,4.61,1.18,2
01-11-2001,NA,NA,2
02-11-2001,NA,NA,2
03-11-2001,4.52,0.933,2
04-11-2001,NA,NA,2
05-11-2001,NA,NA,2
06-11-2001,4.25,1.05,2
07-11-2001,NA,NA,2
08-11-2001,NA,NA,2
09-11-2001,7.31,3.32,2
10-11-2001,NA,NA,2
11-11-2001,NA,NA,2
12-11-2001,4.71,1.37,2
13-11-2001,NA,NA,2
14-11-2001,NA,NA,2
15-11-2001,4.94,1.26,2
16-11-2001,NA,NA,2
17-11-2001,NA,NA,2
18-11-2001,7.38,1.23,2
19-11-2001,NA,NA,2
20-11-2001,NA,NA,2
21-11-2001,1.9,1.73,2
22-11-2001,NA,NA,2
23-11-2001,NA,NA,2
24-11-2001,NA,NA,2
25-11-2001,NA,NA,2
26-11-2001,NA,NA,2
27-11-2001,NA,NA,2
28-11-2001,NA,NA,2
29-11-2001,NA,NA,2
30-11-2001,NA,NA,2
01-12-2001,NA,NA,2
02-12-2001,NA,NA,2
03-12-2001,NA,NA,2
04-12-2001,NA,NA,2
05-12-2001,NA,NA,2
06-12-2001,NA,NA,2
07-12-2001,NA,NA,2
08-12-2001,NA,NA,2
09-12-2001,5.17,5.18,2
10-12-2001,NA,NA,2
11-12-2001,NA,NA,2
12-12-2001,NA,NA,2
13-12-2001,NA,NA,2
14-12-2001,NA,NA,2
15-12-2001,NA,NA,2
16-12-2001,NA,NA,2
17-12-2001,NA,NA,2
18-12-2001,2.51,0.705,2
19-12-2001,NA,NA,2
20-12-2001,NA,NA,2
21-12-2001,3.17,1.18,2
22-12-2001,NA,NA,2
23-12-2001,NA,NA,2
24-12-2001,0.555,0.528,2
25-12-2001,NA,NA,2
26-12-2001,NA,NA,2
27-12-2001,1.19,1.76,2
28-12-2001,NA,NA,2
29-12-2001,NA,NA,2
30-12-2001,NA,NA,2
31-12-2001,NA,NA,2
01-01-2002,NA,NA,2
02-01-2002,3.65,4.82,2
03-01-2002,NA,NA,2
04-01-2002,NA,NA,2
05-01-2002,NA,NA,2
06-01-2002,NA,NA,2
07-01-2002,NA,NA,2
08-01-2002,NA,NA,2
09-01-2002,NA,NA,2
10-01-2002,NA,NA,2
11-01-2002,NA,NA,2
12-01-2002,NA,NA,2
13-01-2002,NA,NA,2
14-01-2002,1.75,1.15,2
15-01-2002,NA,NA,2
16-01-2002,NA,NA,2
17-01-2002,NA,NA,2
18-01-2002,NA,NA,2
19-01-2002,NA,NA,2
20-01-2002,NA,0.844,2
21-01-2002,NA,NA,2
22-01-2002,NA,NA,2
23-01-2002,3.61,0.574,2
24-01-2002,NA,NA,2
25-01-2002,NA,NA,2
26-01-2002,2.84,1.26,2
27-01-2002,NA,NA,2
28-01-2002,NA,NA,2
29-01-2002,4.22,0.694,2
30-01-2002,NA,NA,2
31-01-2002,NA,NA,2
01-02-2002,NA,NA,2
02-02-2002,NA,NA,2
03-02-2002,NA,NA,2
04-02-2002,1.57,1.99,2
05-02-2002,NA,NA,2
06-02-2002,NA,NA,2
07-02-2002,2.6,0.543,2
08-02-2002,NA,NA,2
09-02-2002,NA,NA,2
10-02-2002,3.28,0.704,2
11-02-2002,NA,NA,2
12-02-2002,NA,NA,2
13-02-2002,1.9,1.51,2
14-02-2002,NA,NA,2
15-02-2002,NA,NA,2
16-02-2002,1.87,1.58,2
17-02-2002,NA,NA,2
18-02-2002,NA,NA,2
19-02-2002,2.72,1.03,2
20-02-2002,NA,NA,2
21-02-2002,NA,NA,2
22-02-2002,4.73,1.7,2
23-02-2002,NA,NA,2
24-02-2002,NA,NA,2
25-02-2002,4.52,0.981,2
26-02-2002,NA,NA,2
27-02-2002,NA,NA,2
28-02-2002,2.54,1.98,2
01-03-2002,NA,NA,2
02-03-2002,NA,NA,2
03-03-2002,1.99,1.48,2
04-03-2002,NA,NA,2
05-03-2002,NA,NA,2
06-03-2002,3.27,2.04,2
07-03-2002,NA,NA,2
08-03-2002,NA,NA,2
09-03-2002,1.87,0.594,2
10-03-2002,NA,NA,2
11-03-2002,NA,NA,2
12-03-2002,3.14,2.3,2
13-03-2002,NA,NA,2
14-03-2002,NA,NA,2
15-03-2002,5.55,0.563,2
16-03-2002,NA,NA,2
17-03-2002,NA,NA,2
18-03-2002,3.04,0.385,2
19-03-2002,NA,NA,2
20-03-2002,NA,NA,2
21-03-2002,5.66,1.44,2
22-03-2002,NA,NA,2
23-03-2002,NA,NA,2
24-03-2002,NA,NA,2
25-03-2002,NA,NA,2
26-03-2002,NA,NA,2
27-03-2002,8.72,0.823,2
28-03-2002,NA,NA,2
29-03-2002,NA,NA,2
30-03-2002,3.33,0.65,2
31-03-2002,NA,NA,2
01-04-2002,NA,NA,2
02-04-2002,3.58,0.869,2
03-04-2002,NA,NA,2
04-04-2002,NA,NA,2
05-04-2002,3.86,3.45,2
06-04-2002,NA,NA,2
07-04-2002,NA,NA,2
08-04-2002,4.99,0.715,2
09-04-2002,NA,NA,2
10-04-2002,NA,NA,2
11-04-2002,3.66,0.584,2
12-04-2002,NA,NA,2
13-04-2002,NA,NA,2
14-04-2002,3.69,0.411,2
15-04-2002,NA,NA,2
16-04-2002,NA,NA,2
17-04-2002,3.98,0.86,2
18-04-2002,NA,NA,2
19-04-2002,NA,NA,2
20-04-2002,6.1,0.761,2
21-04-2002,NA,NA,2
22-04-2002,NA,NA,2
23-04-2002,2.63,0.552,2
24-04-2002,NA,NA,2
25-04-2002,NA,NA,2
26-04-2002,2.23,1.77,2
27-04-2002,NA,NA,2
28-04-2002,NA,NA,2
29-04-2002,2.32,0.563,2
30-04-2002,NA,NA,2
01-05-2002,NA,NA,2
02-05-2002,6.72,1.06,2
03-05-2002,NA,NA,2
04-05-2002,NA,NA,2
05-05-2002,7.3,0.591,2
06-05-2002,NA,NA,2
07-05-2002,NA,NA,2
08-05-2002,6.41,0.729,2
09-05-2002,NA,NA,2
10-05-2002,NA,NA,2
11-05-2002,6.57,1.21,2
12-05-2002,NA,NA,2
13-05-2002,NA,NA,2
14-05-2002,2.74,0.384,2
15-05-2002,NA,NA,2
16-05-2002,NA,NA,2
17-05-2002,4.77,0.526,2
18-05-2002,NA,NA,2
19-05-2002,NA,NA,2
20-05-2002,4.13,0.486,2
21-05-2002,NA,NA,2
22-05-2002,NA,NA,2
23-05-2002,6.88,0.724,2
24-05-2002,NA,NA,2
25-05-2002,NA,NA,2
26-05-2002,4.8,0.924,2
27-05-2002,NA,NA,2
28-05-2002,NA,NA,2
29-05-2002,2.22,0.663,2
30-05-2002,NA,NA,2
31-05-2002,NA,NA,2
01-06-2002,6.33,1.02,2
02-06-2002,NA,NA,2
03-06-2002,NA,NA,2
04-06-2002,11.5,0.76,2
05-06-2002,NA,NA,2
06-06-2002,NA,NA,2
07-06-2002,4.9,0.745,2
08-06-2002,NA,NA,2
09-06-2002,NA,NA,2
10-06-2002,4.07,0.716,2
11-06-2002,NA,NA,2
12-06-2002,NA,NA,2
13-06-2002,6.13,1.13,2
14-06-2002,NA,NA,2
15-06-2002,NA,NA,2
16-06-2002,3.71,0.513,2
17-06-2002,NA,NA,2
18-06-2002,NA,NA,2
19-06-2002,6.29,0.577,2
20-06-2002,NA,NA,2
21-06-2002,NA,NA,2
22-06-2002,5.21,0.522,2
23-06-2002,NA,NA,2
24-06-2002,NA,NA,2
25-06-2002,4.04,0.857,2
26-06-2002,NA,NA,2
27-06-2002,NA,NA,2
28-06-2002,1.78,0.723,2
29-06-2002,NA,NA,2
30-06-2002,NA,NA,2
01-07-2002,8.61,0.771,2
02-07-2002,NA,NA,2
03-07-2002,NA,NA,2
04-07-2002,7.54,1.33,2
05-07-2002,NA,NA,2
06-07-2002,NA,NA,2
07-07-2002,11.2,0.408,2
08-07-2002,NA,NA,2
09-07-2002,NA,NA,2
10-07-2002,NA,0.655,2
11-07-2002,NA,NA,2
12-07-2002,NA,NA,2
13-07-2002,4,0.563,2
14-07-2002,NA,NA,2
15-07-2002,NA,NA,2
16-07-2002,6.52,0.41,2
17-07-2002,NA,NA,2
18-07-2002,NA,NA,2
19-07-2002,3.66,0.654,2
20-07-2002,NA,NA,2
21-07-2002,NA,NA,2
22-07-2002,9.77,0.931,2
23-07-2002,NA,NA,2
24-07-2002,NA,NA,2
25-07-2002,5.28,0.555,2
26-07-2002,NA,NA,2
27-07-2002,NA,NA,2
28-07-2002,3.41,0.326,2
29-07-2002,NA,NA,2
30-07-2002,NA,NA,2
31-07-2002,3.44,1.18,2
01-08-2002,NA,NA,2
02-08-2002,NA,NA,2
03-08-2002,13.7,0.618,2
04-08-2002,NA,NA,2
05-08-2002,NA,NA,2
06-08-2002,10.7,0.262,2
07-08-2002,NA,NA,2
08-08-2002,NA,NA,2
09-08-2002,11.4,1.41,2
10-08-2002,NA,NA,2
11-08-2002,NA,NA,2
12-08-2002,4.08,0.541,2
13-08-2002,NA,NA,2
14-08-2002,NA,NA,2
15-08-2002,5.01,0.494,2
16-08-2002,NA,NA,2
17-08-2002,NA,NA,2
18-08-2002,4.3,0.513,2
19-08-2002,NA,NA,2
20-08-2002,NA,NA,2
21-08-2002,6.34,0.822,2
22-08-2002,NA,NA,2
23-08-2002,NA,NA,2
24-08-2002,4.47,0.247,2
25-08-2002,NA,NA,2
26-08-2002,NA,NA,2
27-08-2002,9.18,0.569,2
28-08-2002,NA,NA,2
29-08-2002,NA,NA,2
30-08-2002,5.89,0.59,2
31-08-2002,NA,NA,2
01-09-2002,NA,NA,2
02-09-2002,5.36,0.668,2
03-09-2002,NA,NA,2
04-09-2002,NA,NA,2
05-09-2002,11,0.704,2
06-09-2002,NA,NA,2
07-09-2002,NA,NA,2
08-09-2002,8.31,0.547,2
09-09-2002,NA,NA,2
10-09-2002,NA,NA,2
11-09-2002,18.5,0.538,2
12-09-2002,NA,NA,2
13-09-2002,NA,NA,2
14-09-2002,NA,NA,2
15-09-2002,NA,NA,2
16-09-2002,NA,NA,2
17-09-2002,9.59,2.65,2
18-09-2002,NA,NA,2
19-09-2002,NA,NA,2
20-09-2002,5.43,0.495,2
21-09-2002,NA,NA,2
22-09-2002,NA,NA,2
23-09-2002,NA,NA,2
24-09-2002,13.6,1.75,2
25-09-2002,NA,NA,2
26-09-2002,NA,NA,2
27-09-2002,NA,NA,2
28-09-2002,NA,NA,2
29-09-2002,8.62,1.05,2
30-09-2002,NA,NA,2
01-10-2002,NA,NA,2
02-10-2002,4.78,0.665,2
03-10-2002,NA,NA,2
04-10-2002,NA,NA,2
05-10-2002,NA,0.568,2
06-10-2002,NA,NA,2
07-10-2002,NA,NA,2
08-10-2002,8.7,1.66,2
09-10-2002,NA,NA,2
10-10-2002,NA,NA,2
11-10-2002,7.41,1.08,2
12-10-2002,NA,NA,2
13-10-2002,NA,NA,2
14-10-2002,5.99,0.843,2
15-10-2002,NA,NA,2
16-10-2002,NA,NA,2
17-10-2002,2.83,1.33,2
18-10-2002,NA,NA,2
19-10-2002,NA,NA,2
20-10-2002,3.52,0.952,2
21-10-2002,NA,NA,2
22-10-2002,NA,NA,2
23-10-2002,11,2.33,2
24-10-2002,NA,NA,2
25-10-2002,NA,NA,2
26-10-2002,4.34,0.888,2
27-10-2002,NA,NA,2
28-10-2002,NA,NA,2
29-10-2002,4.61,0.609,2
30-10-2002,NA,NA,2
31-10-2002,NA,NA,2
01-11-2002,4.68,2.35,2
02-11-2002,NA,NA,2
03-11-2002,NA,NA,2
04-11-2002,2.83,1.62,2
05-11-2002,NA,NA,2
06-11-2002,NA,NA,2
07-11-2002,4.56,1.96,2
08-11-2002,NA,NA,2
09-11-2002,NA,NA,2
10-11-2002,3.73,0.409,2
11-11-2002,NA,NA,2
12-11-2002,NA,NA,2
13-11-2002,4.6,0.925,2
14-11-2002,NA,NA,2
15-11-2002,NA,NA,2
16-11-2002,NA,NA,2
17-11-2002,NA,NA,2
18-11-2002,NA,NA,2
19-11-2002,4.05,1.76,2
20-11-2002,NA,NA,2
21-11-2002,NA,NA,2
22-11-2002,3,1.75,2
23-11-2002,NA,NA,2
24-11-2002,NA,NA,2
25-11-2002,5.15,1.71,2
26-11-2002,NA,NA,2
27-11-2002,NA,NA,2
28-11-2002,3.83,4.98,2
29-11-2002,NA,NA,2
30-11-2002,NA,NA,2
01-12-2002,NA,NA,2
02-12-2002,NA,NA,2
03-12-2002,NA,NA,2
04-12-2002,3.62,2.8,2
05-12-2002,NA,NA,2
06-12-2002,NA,NA,2
07-12-2002,4.14,6.44,2
08-12-2002,NA,NA,2
09-12-2002,NA,NA,2
10-12-2002,NA,NA,2
11-12-2002,NA,NA,2
12-12-2002,NA,NA,2
13-12-2002,1.97,0.648,2
14-12-2002,NA,NA,2
15-12-2002,NA,NA,2
16-12-2002,3.72,1.75,2
17-12-2002,NA,NA,2
18-12-2002,NA,NA,2
19-12-2002,3.68,0.468,2
20-12-2002,NA,NA,2
21-12-2002,NA,NA,2
22-12-2002,NA,NA,2
23-12-2002,NA,NA,2
24-12-2002,NA,NA,2
25-12-2002,1.65,0.779,2
26-12-2002,NA,NA,2
27-12-2002,NA,NA,2
28-12-2002,NA,NA,2
29-12-2002,NA,NA,2
30-12-2002,NA,NA,2
31-12-2002,2.18,0.47,2
01-01-2003,NA,NA,2
02-01-2003,NA,NA,2
03-01-2003,4.33,1.02,2
04-01-2003,NA,NA,2
05-01-2003,NA,NA,2
06-01-2003,NA,NA,2
07-01-2003,NA,NA,2
08-01-2003,NA,NA,2
09-01-2003,3.79,1.97,2
10-01-2003,NA,NA,2
11-01-2003,NA,NA,2
12-01-2003,0.844,1.74,2
13-01-2003,NA,NA,2
14-01-2003,NA,NA,2
15-01-2003,1.65,4.4,2
16-01-2003,NA,NA,2
17-01-2003,NA,NA,2
18-01-2003,0.917,3.23,2
19-01-2003,NA,NA,2
20-01-2003,NA,NA,2
21-01-2003,3.2,2.31,2
22-01-2003,NA,NA,2
23-01-2003,NA,NA,2
24-01-2003,1.61,4.57,2
25-01-2003,NA,NA,2
26-01-2003,NA,NA,2
27-01-2003,2.6,3.67,2
28-01-2003,NA,NA,2
29-01-2003,NA,NA,2
30-01-2003,6.48,3.32,2
31-01-2003,NA,NA,2
01-02-2003,NA,NA,2
02-02-2003,4.55,1.6,2
03-02-2003,NA,NA,2
04-02-2003,NA,NA,2
05-02-2003,1.07,1.07,2
06-02-2003,NA,NA,2
07-02-2003,NA,NA,2
08-02-2003,NA,NA,2
09-02-2003,NA,NA,2
10-02-2003,NA,NA,2
11-02-2003,3.21,1.64,2
12-02-2003,NA,NA,2
13-02-2003,NA,NA,2
14-02-2003,2.64,1.51,2
15-02-2003,NA,NA,2
16-02-2003,NA,NA,2
17-02-2003,5.66,0.94,2
18-02-2003,NA,NA,2
19-02-2003,NA,NA,2
20-02-2003,5.4,1.94,2
21-02-2003,NA,NA,2
22-02-2003,NA,NA,2
23-02-2003,4.5,1.48,2
24-02-2003,NA,NA,2
25-02-2003,NA,NA,2
26-02-2003,6.08,4.17,2
27-02-2003,NA,NA,2
28-02-2003,NA,NA,2
01-03-2003,NA,NA,2
02-03-2003,NA,NA,2
03-03-2003,NA,NA,2
04-03-2003,3.49,0.946,2
05-03-2003,NA,NA,2
06-03-2003,NA,NA,2
07-03-2003,6.58,3.98,2
08-03-2003,NA,NA,2
09-03-2003,NA,NA,2
10-03-2003,3.06,3.56,2
11-03-2003,NA,NA,2
12-03-2003,NA,NA,2
13-03-2003,3.82,1.09,2
14-03-2003,NA,NA,2
15-03-2003,NA,NA,2
16-03-2003,7.54,0.843,2
17-03-2003,NA,NA,2
18-03-2003,NA,NA,2
19-03-2003,2.69,0.369,2
20-03-2003,NA,NA,2
21-03-2003,NA,NA,2
22-03-2003,3.75,2.01,2
23-03-2003,NA,NA,2
24-03-2003,4.21,0.789,2
25-03-2003,NA,NA,2
26-03-2003,NA,NA,2
27-03-2003,NA,NA,2
28-03-2003,3.31,0.517,2
29-03-2003,NA,NA,2
30-03-2003,NA,NA,2
31-03-2003,2.46,1.31,2
01-04-2003,NA,NA,2
02-04-2003,NA,NA,2
03-04-2003,5.6,0.827,2
04-04-2003,NA,NA,2
05-04-2003,NA,NA,2
06-04-2003,NA,0.582,2
07-04-2003,NA,NA,2
08-04-2003,NA,NA,2
09-04-2003,5.58,1.92,2
10-04-2003,NA,NA,2
11-04-2003,NA,NA,2
12-04-2003,4.71,1.58,2
13-04-2003,NA,NA,2
14-04-2003,NA,NA,2
15-04-2003,7.56,1.23,2
16-04-2003,NA,NA,2
17-04-2003,NA,NA,2
18-04-2003,2.89,0.988,2
19-04-2003,NA,NA,2
20-04-2003,NA,NA,2
21-04-2003,3.49,0.554,2
22-04-2003,NA,NA,2
23-04-2003,NA,NA,2
24-04-2003,3.81,0.914,2
25-04-2003,NA,NA,2
26-04-2003,NA,NA,2
27-04-2003,9.78,1.35,2
28-04-2003,NA,NA,2
29-04-2003,NA,NA,2
30-04-2003,8.81,0.908,2
01-05-2003,NA,NA,2
02-05-2003,NA,NA,2
03-05-2003,5.23,1.51,2
04-05-2003,NA,NA,2
05-05-2003,NA,NA,2
06-05-2003,4.27,0.918,2
07-05-2003,NA,NA,2
08-05-2003,NA,NA,2
09-05-2003,5.95,0.398,2
10-05-2003,NA,NA,2
11-05-2003,NA,NA,2
12-05-2003,1.03,0.25,2
13-05-2003,NA,NA,2
14-05-2003,NA,NA,2
15-05-2003,4.07,1.15,2
16-05-2003,NA,NA,2
17-05-2003,NA,NA,2
18-05-2003,1.71,0.37,2
19-05-2003,NA,NA,2
20-05-2003,NA,NA,2
21-05-2003,5.38,1.15,2
22-05-2003,NA,NA,2
23-05-2003,NA,NA,2
24-05-2003,12.7,1.31,2
25-05-2003,NA,NA,2
26-05-2003,NA,NA,2
27-05-2003,6.54,1,2
28-05-2003,NA,NA,2
29-05-2003,NA,NA,2
30-05-2003,2.5,0.529,2
31-05-2003,NA,NA,2
01-06-2003,NA,NA,2
02-06-2003,5.19,0.686,2
03-06-2003,NA,NA,2
04-06-2003,NA,NA,2
05-06-2003,6.96,0.75,2
06-06-2003,NA,NA,2
07-06-2003,NA,NA,2
08-06-2003,7.12,0.421,2
09-06-2003,NA,NA,2
10-06-2003,NA,NA,2
11-06-2003,3.94,0.478,2
12-06-2003,NA,NA,2
13-06-2003,NA,NA,2
14-06-2003,1.97,0.308,2
15-06-2003,NA,NA,2
16-06-2003,NA,NA,2
17-06-2003,5.04,0.467,2
18-06-2003,NA,NA,2
19-06-2003,NA,NA,2
20-06-2003,6.59,0.757,2
21-06-2003,NA,NA,2
22-06-2003,NA,NA,2
23-06-2003,8.62,0.702,2
24-06-2003,NA,NA,2
25-06-2003,NA,NA,2
26-06-2003,9.13,0.812,2
27-06-2003,NA,NA,2
28-06-2003,NA,NA,2
29-06-2003,5.12,0.42,2
30-06-2003,NA,NA,2
01-07-2003,NA,NA,2
02-07-2003,2.31,0.241,2
03-07-2003,NA,NA,2
04-07-2003,NA,NA,2
05-07-2003,2.99,0.442,2
06-07-2003,NA,NA,2
07-07-2003,NA,NA,2
08-07-2003,3,0.709,2
09-07-2003,NA,NA,2
10-07-2003,NA,NA,2
11-07-2003,3.71,0.465,2
12-07-2003,NA,NA,2
13-07-2003,NA,NA,2
14-07-2003,2.55,0.278,2
15-07-2003,NA,NA,2
16-07-2003,NA,NA,2
17-07-2003,5.01,0.463,2
18-07-2003,NA,NA,2
19-07-2003,NA,NA,2
20-07-2003,2.58,0.358,2
21-07-2003,NA,NA,2
22-07-2003,NA,NA,2
23-07-2003,4.33,0.468,2
24-07-2003,NA,NA,2
25-07-2003,NA,NA,2
26-07-2003,8.36,0.497,2
27-07-2003,NA,NA,2
28-07-2003,NA,NA,2
29-07-2003,3.57,0.551,2
30-07-2003,NA,NA,2
31-07-2003,NA,NA,2
01-08-2003,5.55,0.512,2
02-08-2003,NA,NA,2
03-08-2003,NA,NA,2
04-08-2003,3.94,0.655,2
05-08-2003,NA,NA,2
06-08-2003,NA,NA,2
07-08-2003,7.65,0.418,2
08-08-2003,NA,NA,2
09-08-2003,NA,NA,2
10-08-2003,10.8,0.421,2
11-08-2003,NA,NA,2
12-08-2003,NA,NA,2
13-08-2003,1.66,0.267,2
14-08-2003,NA,NA,2
15-08-2003,NA,NA,2
16-08-2003,8.49,0.862,2
17-08-2003,NA,NA,2
18-08-2003,NA,NA,2
19-08-2003,9.46,0.815,2
20-08-2003,NA,NA,2
21-08-2003,NA,NA,2
22-08-2003,4.27,0.505,2
23-08-2003,NA,NA,2
24-08-2003,NA,NA,2
25-08-2003,16.8,0.566,2
26-08-2003,NA,NA,2
27-08-2003,NA,NA,2
28-08-2003,6.22,1.09,2
29-08-2003,NA,NA,2
30-08-2003,NA,NA,2
31-08-2003,2.19,0.253,2
01-09-2003,NA,NA,2
02-09-2003,NA,NA,2
03-09-2003,3.98,0.384,2
04-09-2003,NA,NA,2
05-09-2003,NA,NA,2
06-09-2003,11.2,0.465,2
07-09-2003,NA,NA,2
08-09-2003,NA,NA,2
09-09-2003,13.9,0.763,2
10-09-2003,NA,NA,2
11-09-2003,NA,NA,2
12-09-2003,7.74,0.839,2
13-09-2003,NA,NA,2
14-09-2003,NA,NA,2
15-09-2003,2.5,0.29,2
16-09-2003,NA,NA,2
17-09-2003,NA,NA,2
18-09-2003,11.3,0.911,2
19-09-2003,NA,NA,2
20-09-2003,NA,NA,2
21-09-2003,6.12,0.501,2
22-09-2003,NA,NA,2
23-09-2003,NA,NA,2
24-09-2003,6.98,0.619,2
25-09-2003,NA,NA,2
26-09-2003,NA,NA,2
27-09-2003,2.98,0.339,2
28-09-2003,NA,NA,2
29-09-2003,NA,NA,2
30-09-2003,3.78,0.518,2
01-10-2003,NA,NA,2
02-10-2003,NA,NA,2
03-10-2003,4.61,0.759,2
04-10-2003,NA,NA,2
05-10-2003,NA,NA,2
06-10-2003,5.96,2.57,2
07-10-2003,NA,NA,2
08-10-2003,NA,NA,2
09-10-2003,8.24,1.48,2
10-10-2003,NA,NA,2
11-10-2003,NA,NA,2
12-10-2003,4.07,0.466,2
13-10-2003,NA,NA,2
14-10-2003,NA,NA,2
15-10-2003,1.48,0.371,2
16-10-2003,NA,NA,2
17-10-2003,NA,NA,2
18-10-2003,4.15,2.48,2
19-10-2003,NA,NA,2
20-10-2003,NA,NA,2
21-10-2003,4.31,0.75,2
22-10-2003,NA,NA,2
23-10-2003,NA,NA,2
24-10-2003,4.73,0.827,2
25-10-2003,NA,NA,2
26-10-2003,NA,NA,2
27-10-2003,2.74,0.921,2
28-10-2003,NA,NA,2
29-10-2003,NA,NA,2
30-10-2003,2.56,0.814,2
31-10-2003,NA,NA,2
01-11-2003,NA,NA,2
02-11-2003,6.08,1.13,2
03-11-2003,NA,NA,2
04-11-2003,NA,NA,2
05-11-2003,3.17,0.524,2
06-11-2003,NA,NA,2
07-11-2003,NA,NA,2
08-11-2003,3.22,1.16,2
09-11-2003,NA,NA,2
10-11-2003,NA,NA,2
11-11-2003,1.87,0.529,2
12-11-2003,NA,NA,2
13-11-2003,NA,NA,2
14-11-2003,1.54,1.48,2
15-11-2003,NA,NA,2
16-11-2003,NA,NA,2
17-11-2003,4.35,0.987,2
18-11-2003,NA,NA,2
19-11-2003,NA,NA,2
20-11-2003,1.61,0.65,2
21-11-2003,NA,NA,2
22-11-2003,NA,NA,2
23-11-2003,3.37,0.529,2
24-11-2003,NA,NA,2
25-11-2003,NA,NA,2
26-11-2003,1.96,0.719,2
27-11-2003,NA,NA,2
28-11-2003,NA,NA,2
29-11-2003,1.29,1.25,2
30-11-2003,NA,NA,2
01-12-2003,NA,NA,2
02-12-2003,1.98,0.68,2
03-12-2003,NA,NA,2
04-12-2003,NA,NA,2
05-12-2003,2.9,0.799,2
06-12-2003,NA,NA,2
07-12-2003,NA,NA,2
08-12-2003,5.07,1.09,2
09-12-2003,NA,NA,2
10-12-2003,NA,NA,2
11-12-2003,2.92,0.698,2
12-12-2003,NA,NA,2
13-12-2003,NA,NA,2
14-12-2003,3.07,0.844,2
15-12-2003,NA,NA,2
16-12-2003,NA,NA,2
17-12-2003,1.69,0.977,2
18-12-2003,NA,NA,2
19-12-2003,NA,NA,2
20-12-2003,1.44,1.7,2
21-12-2003,NA,NA,2
22-12-2003,NA,NA,2
23-12-2003,1.87,0.619,2
24-12-2003,NA,NA,2
25-12-2003,NA,NA,2
26-12-2003,3.47,1.59,2
27-12-2003,NA,NA,2
28-12-2003,NA,NA,2
29-12-2003,1.84,0.508,2
30-12-2003,NA,NA,2
31-12-2003,NA,NA,2
01-01-2004,NA,NA,2
02-01-2004,NA,NA,2
03-01-2004,NA,NA,2
04-01-2004,3.56,0.399,2
05-01-2004,NA,NA,2
06-01-2004,NA,NA,2
07-01-2004,1.34,2.27,2
08-01-2004,NA,NA,2
09-01-2004,NA,NA,2
10-01-2004,6.29,2.71,2
11-01-2004,NA,NA,2
12-01-2004,NA,NA,2
13-01-2004,3.97,1.82,2
14-01-2004,NA,NA,2
15-01-2004,NA,NA,2
16-01-2004,NA,2.14,2
17-01-2004,NA,NA,2
18-01-2004,NA,NA,2
19-01-2004,4.7,3.75,2
20-01-2004,NA,NA,2
21-01-2004,NA,NA,2
22-01-2004,2.28,2.45,2
23-01-2004,NA,NA,2
24-01-2004,NA,NA,2
25-01-2004,2.71,0.502,2
26-01-2004,NA,NA,2
27-01-2004,NA,NA,2
28-01-2004,2.14,2.28,2
29-01-2004,NA,NA,2
30-01-2004,NA,NA,2
31-01-2004,3,4.54,2
01-02-2004,NA,NA,2
02-02-2004,NA,NA,2
03-02-2004,4.94,1.6,2
04-02-2004,NA,NA,2
05-02-2004,NA,NA,2
06-02-2004,2.16,0.487,2
07-02-2004,NA,NA,2
08-02-2004,NA,NA,2
09-02-2004,3.27,0.488,2
10-02-2004,NA,NA,2
11-02-2004,NA,NA,2
12-02-2004,2.34,2.41,2
13-02-2004,NA,NA,2
14-02-2004,NA,NA,2
15-02-2004,2.56,2.87,2
16-02-2004,NA,NA,2
17-02-2004,NA,NA,2
18-02-2004,NA,NA,2
19-02-2004,NA,NA,2
20-02-2004,NA,NA,2
21-02-2004,3.88,4.35,2
22-02-2004,NA,NA,2
23-02-2004,NA,NA,2
24-02-2004,6.38,4.72,2
25-02-2004,NA,NA,2
26-02-2004,NA,NA,2
27-02-2004,3.82,2.73,2
28-02-2004,NA,NA,2
29-02-2004,NA,NA,2
01-03-2004,1.61,0.82,2
02-03-2004,NA,NA,2
03-03-2004,NA,NA,2
04-03-2004,1.95,0.719,2
05-03-2004,NA,NA,2
06-03-2004,NA,NA,2
07-03-2004,1.18,0.395,2
08-03-2004,NA,NA,2
09-03-2004,NA,NA,2
10-03-2004,4.6,2.51,2
11-03-2004,NA,NA,2
12-03-2004,NA,NA,2
13-03-2004,2.32,1.27,2
14-03-2004,NA,NA,2
15-03-2004,NA,NA,2
16-03-2004,3.69,0.737,2
17-03-2004,NA,NA,2
18-03-2004,NA,NA,2
19-03-2004,4.52,0.936,2
20-03-2004,NA,NA,2
21-03-2004,NA,NA,2
22-03-2004,2.64,1.89,2
23-03-2004,NA,NA,2
24-03-2004,NA,NA,2
25-03-2004,3.02,0.536,2
26-03-2004,NA,NA,2
27-03-2004,NA,NA,2
28-03-2004,1.82,0.759,2
29-03-2004,NA,NA,2
30-03-2004,NA,NA,2
31-03-2004,2.84,1.17,2
01-04-2004,NA,NA,2
02-04-2004,NA,NA,2
03-04-2004,2.67,1.03,2
04-04-2004,NA,NA,2
05-04-2004,NA,NA,2
06-04-2004,3.25,0.889,2
07-04-2004,NA,NA,2
08-04-2004,NA,NA,2
09-04-2004,0.0717,0.0584,2
10-04-2004,NA,NA,2
11-04-2004,NA,NA,2
12-04-2004,3.78,1.29,2
13-04-2004,NA,NA,2
14-04-2004,NA,NA,2
15-04-2004,4.06,1.32,2
16-04-2004,NA,NA,2
17-04-2004,NA,NA,2
18-04-2004,5.31,0.577,2
19-04-2004,NA,NA,2
20-04-2004,NA,NA,2
21-04-2004,3.62,0.567,2
22-04-2004,NA,NA,2
23-04-2004,NA,NA,2
24-04-2004,3.45,0.66,2
25-04-2004,NA,NA,2
26-04-2004,NA,NA,2
27-04-2004,2.3,0.548,2
28-04-2004,NA,NA,2
29-04-2004,NA,NA,2
30-04-2004,3.76,0.687,2
01-05-2004,NA,NA,2
02-05-2004,NA,NA,2
03-05-2004,4.17,0.513,2
04-05-2004,NA,NA,2
05-05-2004,NA,NA,2
06-05-2004,4.78,0.924,2
07-05-2004,NA,NA,2
08-05-2004,NA,NA,2
09-05-2004,6.76,0.677,2
10-05-2004,NA,NA,2
11-05-2004,NA,NA,2
12-05-2004,5,0.839,2
13-05-2004,NA,NA,2
14-05-2004,NA,NA,2
15-05-2004,3.77,0.75,2
16-05-2004,NA,NA,2
17-05-2004,NA,NA,2
18-05-2004,2.62,0.561,2
19-05-2004,NA,NA,2
20-05-2004,NA,NA,2
21-05-2004,6.33,0.775,2
22-05-2004,NA,NA,2
23-05-2004,NA,NA,2
24-05-2004,4.73,0.566,2
25-05-2004,NA,NA,2
26-05-2004,NA,NA,2
27-05-2004,4.36,0.557,2
28-05-2004,NA,NA,2
29-05-2004,NA,NA,2
30-05-2004,4.48,0.6,2
31-05-2004,NA,NA,2
01-06-2004,NA,NA,2
02-06-2004,3.71,1.12,2
03-06-2004,NA,NA,2
04-06-2004,NA,NA,2
05-06-2004,12.1,0.935,2
06-06-2004,NA,NA,2
07-06-2004,NA,NA,2
08-06-2004,7.29,1.03,2
09-06-2004,NA,NA,2
10-06-2004,NA,NA,2
11-06-2004,7.55,0.647,2
12-06-2004,NA,NA,2
13-06-2004,NA,NA,2
14-06-2004,4.7,0.35,2
15-06-2004,NA,NA,2
16-06-2004,NA,NA,2
17-06-2004,2.84,0.476,2
18-06-2004,NA,NA,2
19-06-2004,NA,NA,2
20-06-2004,9.05,0.462,2
21-06-2004,NA,NA,2
22-06-2004,NA,NA,2
23-06-2004,2.06,0.54,2
24-06-2004,NA,NA,2
25-06-2004,NA,NA,2
26-06-2004,1.95,0.398,2
27-06-2004,NA,NA,2
28-06-2004,NA,NA,2
29-06-2004,3.37,0.723,2
30-06-2004,NA,NA,2
01-07-2004,NA,NA,2
02-07-2004,3.51,0.317,2
03-07-2004,NA,NA,2
04-07-2004,NA,NA,2
05-07-2004,4.79,0.936,2
06-07-2004,NA,NA,2
07-07-2004,NA,NA,2
08-07-2004,3.83,0.37,2
09-07-2004,NA,NA,2
10-07-2004,NA,NA,2
11-07-2004,4.21,0.409,2
12-07-2004,NA,NA,2
13-07-2004,NA,NA,2
14-07-2004,3.66,0.341,2
15-07-2004,NA,NA,2
16-07-2004,NA,NA,2
17-07-2004,3.65,0.628,2
18-07-2004,NA,NA,2
19-07-2004,NA,NA,2
20-07-2004,13.7,0.549,2
21-07-2004,NA,NA,2
22-07-2004,NA,NA,2
23-07-2004,7.6,0.569,2
24-07-2004,NA,NA,2
25-07-2004,NA,NA,2
26-07-2004,4.09,0.448,2
27-07-2004,NA,NA,2
28-07-2004,NA,NA,2
29-07-2004,10.3,0.499,2
30-07-2004,NA,NA,2
31-07-2004,NA,NA,2
01-08-2004,5.46,0.331,2
02-08-2004,NA,NA,2
03-08-2004,NA,NA,2
04-08-2004,13.9,0.51,2
05-08-2004,NA,NA,2
06-08-2004,NA,NA,2
07-08-2004,7.14,0.264,2
08-08-2004,NA,NA,2
09-08-2004,NA,NA,2
10-08-2004,3.54,0.488,2
11-08-2004,NA,NA,2
12-08-2004,NA,NA,2
13-08-2004,5.32,0.274,2
14-08-2004,NA,NA,2
15-08-2004,NA,NA,2
16-08-2004,13.3,0.284,2
17-08-2004,NA,NA,2
18-08-2004,NA,NA,2
19-08-2004,11.1,0.628,2
20-08-2004,NA,NA,2
21-08-2004,NA,NA,2
22-08-2004,2.1,0.282,2
23-08-2004,NA,NA,2
24-08-2004,NA,NA,2
25-08-2004,5.03,0.445,2
26-08-2004,NA,NA,2
27-08-2004,NA,NA,2
28-08-2004,12.4,0.751,2
29-08-2004,NA,NA,2
30-08-2004,NA,NA,2
31-08-2004,NA,NA,2
01-09-2004,NA,NA,2
02-09-2004,NA,NA,2
03-09-2004,6.16,0.673,2
04-09-2004,NA,NA,2
05-09-2004,NA,NA,2
06-09-2004,5.39,0.152,2
07-09-2004,NA,NA,2
08-09-2004,NA,NA,2
09-09-2004,5.31,0.379,2
10-09-2004,NA,NA,2
11-09-2004,NA,NA,2
12-09-2004,5.52,0.193,2
13-09-2004,NA,NA,2
14-09-2004,NA,NA,2
15-09-2004,5.32,0.407,2
16-09-2004,NA,NA,2
17-09-2004,NA,NA,2
18-09-2004,4.26,0.536,2
19-09-2004,NA,NA,2
20-09-2004,NA,NA,2
21-09-2004,3.03,0.777,2
22-09-2004,NA,NA,2
23-09-2004,NA,NA,2
24-09-2004,10.3,1.03,2
25-09-2004,NA,NA,2
26-09-2004,NA,NA,2
27-09-2004,8.89,0.455,2
28-09-2004,NA,NA,2
29-09-2004,NA,NA,2
30-09-2004,5.05,0.798,2
01-10-2004,NA,NA,2
02-10-2004,NA,NA,2
03-10-2004,6.33,1.06,2
04-10-2004,NA,NA,2
05-10-2004,NA,NA,2
06-10-2004,NA,NA,2
07-10-2004,NA,NA,2
08-10-2004,NA,NA,2
09-10-2004,4.79,0.961,2
10-10-2004,NA,NA,2
11-10-2004,NA,NA,2
12-10-2004,2.68,0.367,2
13-10-2004,NA,NA,2
14-10-2004,NA,NA,2
15-10-2004,1.14,0.304,2
16-10-2004,NA,NA,2
17-10-2004,NA,NA,2
18-10-2004,2.66,0.405,2
19-10-2004,NA,NA,2
20-10-2004,NA,NA,2
21-10-2004,11.2,1.74,2
22-10-2004,NA,NA,2
23-10-2004,NA,NA,2
24-10-2004,3.07,0.436,2
25-10-2004,NA,NA,2
26-10-2004,NA,NA,2
27-10-2004,8.2,1.55,2
28-10-2004,NA,NA,2
29-10-2004,NA,NA,2
30-10-2004,8.96,0.614,2
31-10-2004,NA,NA,2
01-11-2004,NA,NA,2
02-11-2004,2.53,0.618,2
03-11-2004,NA,NA,2
04-11-2004,NA,NA,2
05-11-2004,2.22,0.789,2
06-11-2004,NA,NA,2
07-11-2004,NA,NA,2
08-11-2004,1.51,0.395,2
09-11-2004,NA,NA,2
10-11-2004,NA,NA,2
11-11-2004,2.8,0.67,2
12-11-2004,NA,NA,2
13-11-2004,NA,NA,2
14-11-2004,1.49,0.258,2
15-11-2004,NA,NA,2
16-11-2004,NA,NA,2
17-11-2004,4.84,1.64,2
18-11-2004,NA,NA,2
19-11-2004,NA,NA,2
20-11-2004,3.23,1.29,2
21-11-2004,NA,NA,2
22-11-2004,NA,NA,2
23-11-2004,3.19,0.629,2
24-11-2004,NA,NA,2
25-11-2004,NA,NA,2
26-11-2004,2.02,0.698,2
27-11-2004,NA,NA,2
28-11-2004,NA,NA,2
29-11-2004,1.73,0.51,2
30-11-2004,NA,NA,2
01-12-2004,NA,NA,2
02-12-2004,3.64,1.62,2
03-12-2004,NA,NA,2
04-12-2004,NA,NA,2
05-12-2004,3.09,1.12,2
06-12-2004,NA,NA,2
07-12-2004,NA,NA,2
08-12-2004,1.82,0.753,2
09-12-2004,NA,NA,2
10-12-2004,NA,NA,2
11-12-2004,2.31,0.635,2
12-12-2004,NA,NA,2
13-12-2004,NA,NA,2
14-12-2004,2.33,1.92,2
15-12-2004,NA,NA,2
16-12-2004,NA,NA,2
17-12-2004,2.3,1.68,2
18-12-2004,NA,NA,2
19-12-2004,NA,NA,2
20-12-2004,1.65,1.85,2
21-12-2004,NA,NA,2
22-12-2004,NA,NA,2
23-12-2004,2.32,1.13,2
24-12-2004,NA,NA,2
25-12-2004,NA,NA,2
26-12-2004,1.62,2.28,2
27-12-2004,NA,NA,2
28-12-2004,NA,NA,2
29-12-2004,3.04,1.34,2
30-12-2004,NA,NA,2
31-12-2004,NA,NA,2
01-01-2005,2.15,0.682,2
02-01-2005,NA,NA,2
03-01-2005,NA,NA,2
04-01-2005,3.25,0.82,2
05-01-2005,NA,NA,2
06-01-2005,NA,NA,2
07-01-2005,NA,NA,2
08-01-2005,NA,NA,2
09-01-2005,NA,NA,2
10-01-2005,5.33,2.25,2
11-01-2005,NA,NA,2
12-01-2005,NA,NA,2
13-01-2005,1.14,0.766,2
14-01-2005,NA,NA,2
15-01-2005,NA,NA,2
16-01-2005,3.62,4.09,2
17-01-2005,NA,NA,2
18-01-2005,NA,NA,2
19-01-2005,1.73,2.24,2
20-01-2005,NA,NA,2
21-01-2005,NA,NA,2
22-01-2005,4.16,2.43,2
23-01-2005,NA,NA,2
24-01-2005,NA,NA,2
25-01-2005,2.51,2.21,2
26-01-2005,NA,NA,2
27-01-2005,NA,NA,2
28-01-2005,2.52,1.71,2
29-01-2005,NA,NA,2
30-01-2005,NA,NA,2
31-01-2005,5.42,2.27,2
01-02-2005,NA,NA,2
02-02-2005,NA,NA,2
03-02-2005,3.53,1.57,2
04-02-2005,NA,NA,2
05-02-2005,NA,NA,2
06-02-2005,3.97,0.836,2
07-02-2005,NA,NA,2
08-02-2005,NA,NA,2
09-02-2005,1.81,1.14,2
10-02-2005,NA,NA,2
11-02-2005,NA,NA,2
12-02-2005,1.87,1.3,2
13-02-2005,NA,NA,2
14-02-2005,NA,NA,2
15-02-2005,3.61,0.895,2
16-02-2005,NA,NA,2
17-02-2005,NA,NA,2
18-02-2005,1.45,1.45,2
19-02-2005,NA,NA,2
20-02-2005,NA,NA,2
21-02-2005,6.07,0.678,2
22-02-2005,NA,NA,2
23-02-2005,NA,NA,2
24-02-2005,6.89,3.53,2
25-02-2005,NA,NA,2
26-02-2005,NA,NA,2
27-02-2005,5.02,1.16,2
28-02-2005,NA,NA,2
01-03-2005,NA,NA,2
02-03-2005,1.83,1.18,2
03-03-2005,NA,NA,2
04-03-2005,NA,NA,2
05-03-2005,2.03,0.765,2
06-03-2005,NA,NA,2
07-03-2005,NA,NA,2
08-03-2005,2.41,0.887,2
09-03-2005,NA,NA,2
10-03-2005,NA,NA,2
11-03-2005,1.4,0.59,2
12-03-2005,NA,NA,2
13-03-2005,NA,NA,2
14-03-2005,2.77,3.05,2
15-03-2005,NA,NA,2
16-03-2005,NA,NA,2
17-03-2005,4.53,1.65,2
18-03-2005,NA,NA,2
19-03-2005,NA,NA,2
20-03-2005,6.17,1.23,2
21-03-2005,NA,NA,2
22-03-2005,NA,NA,2
23-03-2005,1.54,0.527,2
24-03-2005,NA,NA,2
25-03-2005,NA,NA,2
26-03-2005,6.03,1.18,2
27-03-2005,NA,NA,2
28-03-2005,NA,NA,2
29-03-2005,3.25,1.45,2
30-03-2005,NA,NA,2
31-03-2005,NA,NA,2
01-04-2005,1.03,0.262,2
02-04-2005,NA,NA,2
03-04-2005,NA,NA,2
04-04-2005,2.65,0.714,2
05-04-2005,NA,NA,2
06-04-2005,NA,NA,2
07-04-2005,1.93,0.424,2
08-04-2005,NA,NA,2
09-04-2005,NA,NA,2
10-04-2005,4.47,0.317,2
11-04-2005,NA,NA,2
12-04-2005,NA,NA,2
13-04-2005,2.14,0.413,2
14-04-2005,NA,NA,2
15-04-2005,NA,NA,2
16-04-2005,5.14,0.747,2
17-04-2005,NA,NA,2
18-04-2005,NA,NA,2
19-04-2005,7.49,1.24,2
20-04-2005,NA,NA,2
21-04-2005,NA,NA,2
22-04-2005,3.54,0.896,2
23-04-2005,NA,NA,2
24-04-2005,NA,NA,2
25-04-2005,1.25,0.603,2
26-04-2005,NA,NA,2
27-04-2005,NA,NA,2
28-04-2005,3.05,0.56,2
29-04-2005,NA,NA,2
30-04-2005,NA,NA,2
01-05-2005,4.89,1.2,2
02-05-2005,NA,NA,2
03-05-2005,NA,NA,2
04-05-2005,4.59,0.522,2
05-05-2005,NA,NA,2
06-05-2005,NA,NA,2
07-05-2005,14.7,1.23,2
08-05-2005,NA,NA,2
09-05-2005,NA,NA,2
10-05-2005,8.58,1.48,2
11-05-2005,NA,NA,2
12-05-2005,NA,NA,2
13-05-2005,7.23,0.606,2
14-05-2005,NA,NA,2
15-05-2005,NA,NA,2
16-05-2005,4.26,0.454,2
17-05-2005,NA,NA,2
18-05-2005,NA,NA,2
19-05-2005,7.03,0.816,2
20-05-2005,NA,NA,2
21-05-2005,NA,NA,2
22-05-2005,7.83,0.326,2
23-05-2005,NA,NA,2
24-05-2005,NA,NA,2
25-05-2005,3.98,0.344,2
26-05-2005,NA,NA,2
27-05-2005,NA,NA,2
28-05-2005,7.77,0.888,2
29-05-2005,NA,NA,2
30-05-2005,NA,NA,2
31-05-2005,NA,NA,2
01-06-2005,NA,NA,2
02-06-2005,NA,NA,2
03-06-2005,3.86,0.322,2
04-06-2005,NA,NA,2
05-06-2005,NA,NA,2
06-06-2005,3.19,0.727,2
07-06-2005,NA,NA,2
08-06-2005,NA,NA,2
09-06-2005,0.0398,0.0702,2
10-06-2005,NA,NA,2
11-06-2005,NA,NA,2
12-06-2005,1.16,0.197,2
13-06-2005,NA,NA,2
14-06-2005,NA,NA,2
15-06-2005,NA,0.46,2
16-06-2005,NA,NA,2
17-06-2005,NA,NA,2
18-06-2005,5.7,0.441,2
19-06-2005,NA,NA,2
20-06-2005,NA,NA,2
21-06-2005,10.6,1.14,2
22-06-2005,NA,NA,2
23-06-2005,NA,NA,2
24-06-2005,18.4,0.791,2
25-06-2005,NA,NA,2
26-06-2005,NA,NA,2
27-06-2005,8.55,0.393,2
28-06-2005,NA,NA,2
29-06-2005,NA,NA,2
30-06-2005,11.3,0.486,2
01-07-2005,NA,NA,2
02-07-2005,NA,NA,2
03-07-2005,4.97,0.347,2
04-07-2005,NA,NA,2
05-07-2005,NA,NA,2
06-07-2005,2.41,0.385,2
07-07-2005,NA,NA,2
08-07-2005,NA,NA,2
09-07-2005,10.4,0.424,2
10-07-2005,NA,NA,2
11-07-2005,NA,NA,2
12-07-2005,4.69,0.505,2
13-07-2005,NA,NA,2
14-07-2005,NA,NA,2
15-07-2005,3.38,0.289,2
16-07-2005,NA,NA,2
17-07-2005,NA,NA,2
18-07-2005,3.55,0.427,2
19-07-2005,NA,NA,2
20-07-2005,NA,NA,2
21-07-2005,6.34,0.662,2
22-07-2005,NA,NA,2
23-07-2005,NA,NA,2
24-07-2005,14.1,0.573,2
25-07-2005,NA,NA,2
26-07-2005,NA,NA,2
27-07-2005,14.6,0.719,2
28-07-2005,NA,NA,2
29-07-2005,NA,NA,2
30-07-2005,13.3,1.17,2
31-07-2005,NA,NA,2
01-08-2005,NA,NA,2
02-08-2005,9.08,0.538,2
03-08-2005,NA,NA,2
04-08-2005,NA,NA,2
05-08-2005,17.4,0.587,2
06-08-2005,NA,NA,2
07-08-2005,NA,NA,2
08-08-2005,3.76,0.36,2
09-08-2005,NA,NA,2
10-08-2005,NA,NA,2
11-08-2005,11.1,1.27,2
12-08-2005,NA,NA,2
13-08-2005,NA,NA,2
14-08-2005,8.21,0.532,2
15-08-2005,NA,NA,2
16-08-2005,NA,NA,2
17-08-2005,7.22,0.59,2
18-08-2005,NA,NA,2
19-08-2005,NA,NA,2
20-08-2005,9.35,0.434,2
21-08-2005,NA,NA,2
22-08-2005,NA,NA,2
23-08-2005,5.86,0.743,2
24-08-2005,NA,NA,2
25-08-2005,NA,NA,2
26-08-2005,11,0.417,2
27-08-2005,NA,NA,2
28-08-2005,NA,NA,2
29-08-2005,NA,NA,2
30-08-2005,NA,NA,2
31-08-2005,NA,NA,2
01-09-2005,NA,NA,2
02-09-2005,NA,NA,2
03-09-2005,NA,NA,2
04-09-2005,10.6,0.306,2
05-09-2005,NA,NA,2
06-09-2005,NA,NA,2
07-09-2005,4.83,0.607,2
08-09-2005,NA,NA,2
09-09-2005,NA,NA,2
10-09-2005,10.6,0.759,2
11-09-2005,NA,NA,2
12-09-2005,NA,NA,2
13-09-2005,23.3,0.624,2
14-09-2005,NA,NA,2
15-09-2005,NA,NA,2
16-09-2005,4.12,0.596,2
17-09-2005,NA,NA,2
18-09-2005,NA,NA,2
19-09-2005,9.69,0.607,2
20-09-2005,NA,NA,2
21-09-2005,NA,NA,2
22-09-2005,2.39,0.403,2
23-09-2005,NA,NA,2
24-09-2005,NA,NA,2
25-09-2005,2.59,0.287,2
26-09-2005,NA,NA,2
27-09-2005,NA,NA,2
28-09-2005,6.52,0.441,2
29-09-2005,NA,NA,2
30-09-2005,NA,NA,2
01-10-2005,8.14,0.419,2
02-10-2005,NA,NA,2
03-10-2005,NA,NA,2
04-10-2005,5.62,0.708,2
05-10-2005,NA,NA,2
06-10-2005,NA,NA,2
07-10-2005,3.51,0.859,2
08-10-2005,NA,NA,2
09-10-2005,NA,NA,2
10-10-2005,6.41,0.802,2
11-10-2005,NA,NA,2
12-10-2005,NA,NA,2
13-10-2005,9.39,0.671,2
14-10-2005,NA,NA,2
15-10-2005,NA,NA,2
16-10-2005,1.86,0.341,2
17-10-2005,NA,NA,2
18-10-2005,NA,NA,2
19-10-2005,NA,NA,2
20-10-2005,NA,NA,2
21-10-2005,NA,NA,2
22-10-2005,5.01,0.734,2
23-10-2005,NA,NA,2
24-10-2005,NA,NA,2
25-10-2005,2.19,0.549,2
26-10-2005,NA,NA,2
27-10-2005,NA,NA,2
28-10-2005,4.32,0.926,2
29-10-2005,NA,NA,2
30-10-2005,NA,NA,2
31-10-2005,6.58,0.729,2
01-11-2005,NA,NA,2
02-11-2005,NA,NA,2
03-11-2005,3.8,0.619,2
04-11-2005,NA,NA,2
05-11-2005,NA,NA,2
06-11-2005,4.69,0.474,2
07-11-2005,NA,NA,2
08-11-2005,NA,NA,2
09-11-2005,4.34,0.642,2
10-11-2005,NA,NA,2
11-11-2005,NA,NA,2
12-11-2005,3.03,0.543,2
13-11-2005,NA,NA,2
14-11-2005,NA,NA,2
15-11-2005,2.85,0.396,2
16-11-2005,NA,NA,2
17-11-2005,NA,NA,2
18-11-2005,1.91,1.39,2
19-11-2005,NA,NA,2
20-11-2005,NA,NA,2
21-11-2005,3.7,1.85,2
22-11-2005,NA,NA,2
23-11-2005,NA,NA,2
24-11-2005,0.991,0.443,2
25-11-2005,NA,NA,2
26-11-2005,NA,NA,2
27-11-2005,3.72,0.381,2
28-11-2005,NA,NA,2
29-11-2005,NA,NA,2
30-11-2005,1.21,1.1,2
01-12-2005,NA,NA,2
02-12-2005,NA,NA,2
03-12-2005,1.78,0.543,2
04-12-2005,NA,NA,2
05-12-2005,NA,NA,2
06-12-2005,6.25,3.25,2
07-12-2005,NA,NA,2
08-12-2005,NA,NA,2
09-12-2005,NA,NA,2
10-12-2005,NA,NA,2
11-12-2005,NA,NA,2
12-12-2005,0.817,0.491,2
13-12-2005,NA,NA,2
14-12-2005,NA,NA,2
15-12-2005,1.84,0.873,2
16-12-2005,NA,NA,2
17-12-2005,NA,NA,2
18-12-2005,2.3,1.89,2
19-12-2005,NA,NA,2
20-12-2005,NA,NA,2
21-12-2005,2.15,2.09,2
22-12-2005,NA,NA,2
23-12-2005,NA,NA,2
24-12-2005,2.73,1.61,2
25-12-2005,NA,NA,2
26-12-2005,NA,NA,2
27-12-2005,NA,NA,2
28-12-2005,NA,NA,2
29-12-2005,NA,NA,2
30-12-2005,3.28,3.03,2
31-12-2005,NA,NA,2
01-01-2006,NA,NA,2
02-01-2006,NA,NA,2
03-01-2006,NA,NA,2
04-01-2006,NA,NA,2
05-01-2006,3.38,2.27,2
06-01-2006,NA,NA,2
07-01-2006,NA,NA,2
08-01-2006,1.77,0.734,2
09-01-2006,NA,NA,2
10-01-2006,NA,NA,2
11-01-2006,3.28,1.31,2
12-01-2006,NA,NA,2
13-01-2006,NA,NA,2
14-01-2006,1.14,0.856,2
15-01-2006,NA,NA,2
16-01-2006,NA,NA,2
17-01-2006,1.15,0.353,2
18-01-2006,NA,NA,2
19-01-2006,NA,NA,2
20-01-2006,2.41,0.783,2
21-01-2006,NA,NA,2
22-01-2006,NA,NA,2
23-01-2006,1.81,0.795,2
24-01-2006,NA,NA,2
25-01-2006,NA,NA,2
26-01-2006,1.33,1.18,2
27-01-2006,NA,NA,2
28-01-2006,NA,NA,2
29-01-2006,1.56,0.348,2
30-01-2006,NA,NA,2
31-01-2006,NA,NA,2
01-02-2006,NA,NA,2
02-02-2006,NA,NA,2
03-02-2006,NA,NA,2
04-02-2006,1.31,0.513,2
05-02-2006,NA,NA,2
06-02-2006,NA,NA,2
07-02-2006,1.23,2.28,2
08-02-2006,NA,NA,2
09-02-2006,NA,NA,2
10-02-2006,3.23,2.63,2
11-02-2006,NA,NA,2
12-02-2006,NA,NA,2
13-02-2006,2.74,2.43,2
14-02-2006,NA,NA,2
15-02-2006,NA,NA,2
16-02-2006,2.37,0.567,2
17-02-2006,NA,NA,2
18-02-2006,NA,NA,2
19-02-2006,3.03,3.74,2
20-02-2006,NA,NA,2
21-02-2006,NA,NA,2
22-02-2006,3.08,0.655,2
23-02-2006,NA,NA,2
24-02-2006,NA,NA,2
25-02-2006,2.2,1.28,2
26-02-2006,NA,NA,2
27-02-2006,NA,NA,2
28-02-2006,3.01,0.914,2
01-03-2006,NA,NA,2
02-03-2006,NA,NA,2
03-03-2006,4.69,3.89,2
04-03-2006,NA,NA,2
05-03-2006,NA,NA,2
06-03-2006,3.32,1.54,2
07-03-2006,NA,NA,2
08-03-2006,NA,NA,2
09-03-2006,4.08,0.488,2
10-03-2006,NA,NA,2
11-03-2006,NA,NA,2
12-03-2006,3.19,0.586,2
13-03-2006,NA,NA,2
14-03-2006,NA,NA,2
15-03-2006,1.84,0.811,2
16-03-2006,NA,NA,2
17-03-2006,NA,NA,2
18-03-2006,6.01,3.9,2
19-03-2006,NA,NA,2
20-03-2006,NA,NA,2
21-03-2006,2.28,0.901,2
22-03-2006,NA,NA,2
23-03-2006,NA,NA,2
24-03-2006,1.8,2.02,2
25-03-2006,NA,NA,2
26-03-2006,NA,NA,2
27-03-2006,4.29,0.862,2
28-03-2006,NA,NA,2
29-03-2006,NA,NA,2
30-03-2006,4.56,0.827,2
31-03-2006,NA,NA,2
01-04-2006,NA,NA,2
02-04-2006,6.14,0.758,2
03-04-2006,NA,NA,2
04-04-2006,NA,NA,2
05-04-2006,3.48,0.735,2
06-04-2006,NA,NA,2
07-04-2006,NA,NA,2
08-04-2006,3.32,0.454,2
09-04-2006,NA,NA,2
10-04-2006,NA,NA,2
11-04-2006,2.39,0.394,2
12-04-2006,NA,NA,2
13-04-2006,NA,NA,2
14-04-2006,3.25,0.813,2
15-04-2006,NA,NA,2
16-04-2006,NA,NA,2
17-04-2006,5.73,0.916,2
18-04-2006,NA,NA,2
19-04-2006,NA,NA,2
20-04-2006,4.23,0.772,2
21-04-2006,NA,NA,2
22-04-2006,NA,NA,2
23-04-2006,3.74,0.619,2
24-04-2006,NA,NA,2
25-04-2006,NA,NA,2
26-04-2006,6.84,0.794,2
27-04-2006,NA,NA,2
28-04-2006,NA,NA,2
29-04-2006,6.56,0.413,2
30-04-2006,NA,NA,2
01-05-2006,NA,NA,2
02-05-2006,5.37,0.706,2
03-05-2006,NA,NA,2
04-05-2006,NA,NA,2
05-05-2006,5.61,1.24,2
06-05-2006,NA,NA,2
07-05-2006,NA,NA,2
08-05-2006,9.15,1,2
09-05-2006,NA,NA,2
10-05-2006,NA,NA,2
11-05-2006,1.53,0.224,2
12-05-2006,NA,NA,2
13-05-2006,NA,NA,2
14-05-2006,1.79,0.386,2
15-05-2006,NA,NA,2
16-05-2006,NA,NA,2
17-05-2006,NA,NA,2
18-05-2006,NA,NA,2
19-05-2006,NA,NA,2
20-05-2006,2.66,0.42,2
21-05-2006,NA,NA,2
22-05-2006,NA,NA,2
23-05-2006,6.14,0.887,2
24-05-2006,NA,NA,2
25-05-2006,NA,NA,2
26-05-2006,3.98,0.613,2
27-05-2006,NA,NA,2
28-05-2006,NA,NA,2
29-05-2006,9.78,0.841,2
30-05-2006,NA,NA,2
31-05-2006,NA,NA,2
01-06-2006,10.4,0.786,2
02-06-2006,NA,NA,2
03-06-2006,NA,NA,2
04-06-2006,NA,NA,2
05-06-2006,NA,NA,2
06-06-2006,NA,NA,2
07-06-2006,4.55,0.645,2
08-06-2006,NA,NA,2
09-06-2006,NA,NA,2
10-06-2006,6.83,0.925,2
11-06-2006,NA,NA,2
12-06-2006,NA,NA,2
13-06-2006,12.5,0.471,2
14-06-2006,NA,NA,2
15-06-2006,NA,NA,2
16-06-2006,10.4,0.397,2
17-06-2006,NA,NA,2
18-06-2006,NA,NA,2
19-06-2006,5.48,0.501,2
20-06-2006,NA,NA,2
21-06-2006,NA,NA,2
22-06-2006,6.77,0.505,2
23-06-2006,NA,NA,2
24-06-2006,NA,NA,2
25-06-2006,6.52,0.423,2
26-06-2006,NA,NA,2
27-06-2006,NA,NA,2
28-06-2006,4.81,0.316,2
29-06-2006,NA,NA,2
30-06-2006,NA,NA,2
01-07-2006,7.67,0.542,2
02-07-2006,NA,NA,2
03-07-2006,NA,NA,2
04-07-2006,10.6,1.16,2
05-07-2006,NA,NA,2
06-07-2006,NA,NA,2
07-07-2006,8.05,0.276,2
08-07-2006,NA,NA,2
09-07-2006,NA,NA,2
10-07-2006,7.22,0.655,2
11-07-2006,NA,NA,2
12-07-2006,NA,NA,2
13-07-2006,2.83,0.416,2
14-07-2006,NA,NA,2
15-07-2006,NA,NA,2
16-07-2006,6.53,0.703,2
17-07-2006,NA,NA,2
18-07-2006,NA,NA,2
19-07-2006,10.7,0.804,2
20-07-2006,NA,NA,2
21-07-2006,NA,NA,2
22-07-2006,4.46,0.707,2
23-07-2006,NA,NA,2
24-07-2006,NA,NA,2
25-07-2006,3.68,0.378,2
26-07-2006,NA,NA,2
27-07-2006,NA,NA,2
28-07-2006,2.98,0.529,2
29-07-2006,NA,NA,2
30-07-2006,NA,NA,2
31-07-2006,6.52,0.475,2
01-08-2006,NA,NA,2
02-08-2006,NA,NA,2
03-08-2006,4.11,0.991,2
04-08-2006,NA,NA,2
05-08-2006,NA,NA,2
06-08-2006,5.28,0.476,2
07-08-2006,NA,NA,2
08-08-2006,NA,NA,2
09-08-2006,4.77,0.339,2
10-08-2006,NA,NA,2
11-08-2006,NA,NA,2
12-08-2006,6.7,0.419,2
13-08-2006,NA,NA,2
14-08-2006,NA,NA,2
15-08-2006,4.42,0.56,2
16-08-2006,NA,NA,2
17-08-2006,NA,NA,2
18-08-2006,12,0.471,2
19-08-2006,NA,NA,2
20-08-2006,NA,NA,2
21-08-2006,8.84,1.16,2
22-08-2006,NA,NA,2
23-08-2006,NA,NA,2
24-08-2006,17.9,0.829,2
25-08-2006,NA,NA,2
26-08-2006,NA,NA,2
27-08-2006,2.6,0.164,2
28-08-2006,NA,NA,2
29-08-2006,NA,NA,2
30-08-2006,3.37,0.447,2
31-08-2006,NA,NA,2
01-09-2006,NA,NA,2
02-09-2006,5.45,0.264,2
03-09-2006,NA,NA,2
04-09-2006,NA,NA,2
05-09-2006,8.09,0.602,2
06-09-2006,NA,NA,2
07-09-2006,NA,NA,2
08-09-2006,6.49,0.549,2
09-09-2006,NA,NA,2
10-09-2006,NA,NA,2
11-09-2006,10.5,0.271,2
12-09-2006,NA,NA,2
13-09-2006,NA,NA,2
14-09-2006,5.04,0.392,2
15-09-2006,NA,NA,2
16-09-2006,NA,NA,2
17-09-2006,9.61,0.868,2
18-09-2006,NA,NA,2
19-09-2006,NA,NA,2
20-09-2006,2.52,0.336,2
21-09-2006,NA,NA,2
22-09-2006,NA,NA,2
23-09-2006,4.14,0.29,2
24-09-2006,NA,NA,2
25-09-2006,NA,NA,2
26-09-2006,4.02,0.54,2
27-09-2006,NA,NA,2
28-09-2006,NA,NA,2
29-09-2006,0,0,2
30-09-2006,NA,NA,2
01-10-2006,NA,NA,2
02-10-2006,NA,NA,2
03-10-2006,NA,NA,2
04-10-2006,NA,NA,2
05-10-2006,9.37,0.708,2
06-10-2006,NA,NA,2
07-10-2006,NA,NA,2
08-10-2006,3.47,0.516,2
09-10-2006,NA,NA,2
10-10-2006,NA,NA,2
11-10-2006,4.63,0.406,2
12-10-2006,NA,NA,2
13-10-2006,NA,NA,2
14-10-2006,NA,NA,2
15-10-2006,NA,NA,2
16-10-2006,NA,NA,2
17-10-2006,NA,NA,2
18-10-2006,NA,NA,2
19-10-2006,NA,NA,2
20-10-2006,2.81,0.779,2
21-10-2006,NA,NA,2
22-10-2006,NA,NA,2
23-10-2006,1.84,0.643,2
24-10-2006,NA,NA,2
25-10-2006,NA,NA,2
26-10-2006,2.59,0.631,2
27-10-2006,NA,NA,2
28-10-2006,NA,NA,2
29-10-2006,1.83,0.614,2
30-10-2006,NA,NA,2
31-10-2006,NA,NA,2
01-11-2006,2.96,0.884,2
02-11-2006,NA,NA,2
03-11-2006,NA,NA,2
04-11-2006,1.86,1.05,2
05-11-2006,NA,NA,2
06-11-2006,NA,NA,2
07-11-2006,1.88,0.361,2
08-11-2006,NA,NA,2
09-11-2006,NA,NA,2
10-11-2006,3.44,1.41,2
11-11-2006,NA,NA,2
12-11-2006,NA,NA,2
13-11-2006,4.22,1.14,2
14-11-2006,NA,NA,2
15-11-2006,NA,NA,2
16-11-2006,2.22,1.13,2
17-11-2006,NA,NA,2
18-11-2006,NA,NA,2
19-11-2006,6.48,6.09,2
20-11-2006,NA,NA,2
21-11-2006,NA,NA,2
22-11-2006,2.05,1.05,2
23-11-2006,NA,NA,2
24-11-2006,NA,NA,2
25-11-2006,4.12,1.09,2
26-11-2006,NA,NA,2
27-11-2006,NA,NA,2
28-11-2006,3.07,0.911,2
29-11-2006,NA,NA,2
30-11-2006,NA,NA,2
01-12-2006,1.35,0.558,2
02-12-2006,NA,NA,2
03-12-2006,NA,NA,2
04-12-2006,NA,NA,2
05-12-2006,NA,NA,2
06-12-2006,NA,NA,2
07-12-2006,1.64,1.49,2
08-12-2006,NA,NA,2
09-12-2006,NA,NA,2
10-12-2006,2.38,1.4,2
11-12-2006,NA,NA,2
12-12-2006,NA,NA,2
13-12-2006,4.56,1.13,2
14-12-2006,NA,NA,2
15-12-2006,NA,NA,2
16-12-2006,6.5,1.76,2
17-12-2006,NA,NA,2
18-12-2006,NA,NA,2
19-12-2006,6.78,2.09,2
20-12-2006,NA,NA,2
21-12-2006,NA,NA,2
22-12-2006,1.59,0.865,2
23-12-2006,NA,NA,2
24-12-2006,NA,NA,2
25-12-2006,NA,0.548,2
26-12-2006,NA,NA,2
27-12-2006,NA,NA,2
28-12-2006,3.4,0.97,2
29-12-2006,NA,NA,2
30-12-2006,NA,NA,2
31-12-2006,1.27,0.406,2
01-01-2007,NA,NA,2
02-01-2007,NA,NA,2
03-01-2007,3.61,1.17,2
04-01-2007,NA,NA,2
05-01-2007,NA,NA,2
06-01-2007,3.79,1.2,2
07-01-2007,NA,NA,2
08-01-2007,NA,NA,2
09-01-2007,NA,NA,2
10-01-2007,NA,NA,2
11-01-2007,NA,NA,2
12-01-2007,2.1,0.53,2
13-01-2007,NA,NA,2
14-01-2007,NA,NA,2
15-01-2007,1.79,0.484,2
16-01-2007,NA,NA,2
17-01-2007,NA,NA,2
18-01-2007,4.1,1.73,2
19-01-2007,NA,NA,2
20-01-2007,NA,NA,2
21-01-2007,1.6,1.07,2
22-01-2007,NA,NA,2
23-01-2007,NA,NA,2
24-01-2007,3.17,2.39,2
25-01-2007,NA,NA,2
26-01-2007,NA,NA,2
27-01-2007,2.65,2.39,2
28-01-2007,NA,NA,2
29-01-2007,NA,NA,2
30-01-2007,1.18,1.06,2
31-01-2007,NA,NA,2
01-02-2007,NA,NA,2
02-02-2007,3.65,3.5,2
03-02-2007,NA,NA,2
04-02-2007,NA,NA,2
05-02-2007,0.877,2.15,2
06-02-2007,NA,NA,2
07-02-2007,NA,NA,2
08-02-2007,2.66,6.38,2
09-02-2007,NA,NA,2
10-02-2007,NA,NA,2
11-02-2007,2.36,2.61,2
12-02-2007,NA,NA,2
13-02-2007,NA,NA,2
14-02-2007,4.01,1.38,2
15-02-2007,NA,NA,2
16-02-2007,NA,NA,2
17-02-2007,1.88,4.11,2
18-02-2007,NA,NA,2
19-02-2007,NA,NA,2
20-02-2007,1.9,0.604,2
21-02-2007,NA,NA,2
22-02-2007,NA,NA,2
23-02-2007,1.63,0.602,2
24-02-2007,NA,NA,2
25-02-2007,NA,NA,2
26-02-2007,1.66,0.646,2
27-02-2007,NA,NA,2
28-02-2007,NA,NA,2
01-03-2007,3.16,0.592,2
02-03-2007,NA,NA,2
03-03-2007,NA,NA,2
04-03-2007,1.48,0.605,2
05-03-2007,NA,NA,2
06-03-2007,NA,NA,2
07-03-2007,NA,NA,2
08-03-2007,NA,NA,2
09-03-2007,NA,NA,2
10-03-2007,8.53,1.17,2
11-03-2007,NA,NA,2
12-03-2007,NA,NA,2
13-03-2007,6.16,1,2
14-03-2007,NA,NA,2
15-03-2007,NA,NA,2
16-03-2007,2.85,2.05,2
17-03-2007,NA,NA,2
18-03-2007,NA,NA,2
19-03-2007,2.79,0.546,2
20-03-2007,NA,NA,2
21-03-2007,NA,NA,2
22-03-2007,2.1,0.565,2
23-03-2007,NA,NA,2
24-03-2007,NA,NA,2
25-03-2007,5.19,1.27,2
26-03-2007,NA,NA,2
27-03-2007,NA,NA,2
28-03-2007,5.32,0.791,2
29-03-2007,NA,NA,2
30-03-2007,NA,NA,2
31-03-2007,5.81,0.604,2
01-04-2007,NA,NA,2
02-04-2007,NA,NA,2
03-04-2007,6.31,0.929,2
04-04-2007,NA,NA,2
05-04-2007,NA,NA,2
06-04-2007,4.55,1.79,2
07-04-2007,NA,NA,2
08-04-2007,NA,NA,2
09-04-2007,1.97,0.717,2
10-04-2007,NA,NA,2
11-04-2007,NA,NA,2
12-04-2007,1.56,0.21,2
13-04-2007,NA,NA,2
14-04-2007,NA,NA,2
15-04-2007,2.8,0.182,2
16-04-2007,NA,NA,2
17-04-2007,NA,NA,2
18-04-2007,5.07,1.04,2
19-04-2007,NA,NA,2
20-04-2007,NA,NA,2
21-04-2007,11.1,1.12,2
22-04-2007,NA,NA,2
23-04-2007,NA,NA,2
24-04-2007,2.66,0.757,2
25-04-2007,NA,NA,2
26-04-2007,NA,NA,2
27-04-2007,2.14,0.331,2
28-04-2007,NA,NA,2
29-04-2007,NA,NA,2
30-04-2007,4.92,0.967,2
01-05-2007,NA,NA,2
02-05-2007,NA,NA,2
03-05-2007,7.46,0.672,2
04-05-2007,NA,NA,2
05-05-2007,NA,NA,2
06-05-2007,11.5,0.826,2
07-05-2007,NA,NA,2
08-05-2007,NA,NA,2
09-05-2007,4.33,0.723,2
10-05-2007,NA,NA,2
11-05-2007,NA,NA,2
12-05-2007,6.56,0.994,2
13-05-2007,NA,NA,2
14-05-2007,NA,NA,2
15-05-2007,5.32,0.795,2
16-05-2007,NA,NA,2
17-05-2007,NA,NA,2
18-05-2007,3.34,0.468,2
19-05-2007,NA,NA,2
20-05-2007,NA,NA,2
21-05-2007,10.8,1.01,2
22-05-2007,NA,NA,2
23-05-2007,NA,NA,2
24-05-2007,3.86,0.576,2
25-05-2007,NA,NA,2
26-05-2007,NA,NA,2
27-05-2007,6.19,0.74,2
28-05-2007,NA,NA,2
29-05-2007,NA,NA,2
30-05-2007,8.84,1.06,2
31-05-2007,NA,NA,2
01-06-2007,NA,NA,2
02-06-2007,11.3,0.874,2
03-06-2007,NA,NA,2
04-06-2007,NA,NA,2
05-06-2007,2.14,0.369,2
06-06-2007,NA,NA,2
07-06-2007,NA,NA,2
08-06-2007,2.36,0.6,2
09-06-2007,NA,NA,2
10-06-2007,NA,NA,2
11-06-2007,7.89,0.441,2
12-06-2007,NA,NA,2
13-06-2007,NA,NA,2
14-06-2007,7.22,0.465,2
15-06-2007,NA,NA,2
16-06-2007,NA,NA,2
17-06-2007,6.57,0.31,2
18-06-2007,NA,NA,2
19-06-2007,NA,NA,2
20-06-2007,2.51,0.377,2
21-06-2007,NA,NA,2
22-06-2007,NA,NA,2
23-06-2007,8.31,0.588,2
24-06-2007,NA,NA,2
25-06-2007,NA,NA,2
26-06-2007,5.4,0.696,2
27-06-2007,NA,NA,2
28-06-2007,NA,NA,2
29-06-2007,7.93,0.589,2
30-06-2007,NA,NA,2
01-07-2007,NA,NA,2
02-07-2007,4.24,0.336,2
03-07-2007,NA,NA,2
04-07-2007,NA,NA,2
05-07-2007,5.34,0.42,2
06-07-2007,NA,NA,2
07-07-2007,NA,NA,2
08-07-2007,6.98,0.468,2
09-07-2007,NA,NA,2
10-07-2007,NA,NA,2
11-07-2007,3.51,0.226,2
12-07-2007,NA,NA,2
13-07-2007,NA,NA,2
14-07-2007,4.3,0.859,2
15-07-2007,NA,NA,2
16-07-2007,NA,NA,2
17-07-2007,4.34,0.651,2
18-07-2007,NA,NA,2
19-07-2007,NA,NA,2
20-07-2007,2.73,0.341,2
21-07-2007,NA,NA,2
22-07-2007,NA,NA,2
23-07-2007,5.71,0.293,2
24-07-2007,NA,NA,2
25-07-2007,NA,NA,2
26-07-2007,5.7,0.49,2
27-07-2007,NA,NA,2
28-07-2007,NA,NA,2
29-07-2007,3.24,0.276,2
30-07-2007,NA,NA,2
31-07-2007,NA,NA,2
01-08-2007,8.19,0.241,2
02-08-2007,NA,NA,2
03-08-2007,NA,NA,2
04-08-2007,18.8,0.708,2
05-08-2007,NA,NA,2
06-08-2007,NA,NA,2
07-08-2007,5.33,0.327,2
08-08-2007,NA,NA,2
09-08-2007,NA,NA,2
10-08-2007,4.86,0.57,2
11-08-2007,NA,NA,2
12-08-2007,NA,NA,2
13-08-2007,11.2,0.301,2
14-08-2007,NA,NA,2
15-08-2007,NA,NA,2
16-08-2007,8.43,0.467,2
17-08-2007,NA,NA,2
18-08-2007,NA,NA,2
19-08-2007,6.56,0.357,2
20-08-2007,NA,NA,2
21-08-2007,NA,NA,2
22-08-2007,11.3,1.08,2
23-08-2007,NA,NA,2
24-08-2007,NA,NA,2
25-08-2007,NA,NA,2
26-08-2007,NA,NA,2
27-08-2007,NA,NA,2
28-08-2007,6.12,0.415,2
29-08-2007,NA,NA,2
30-08-2007,NA,NA,2
31-08-2007,9.47,1.22,2
01-09-2007,NA,NA,2
02-09-2007,NA,NA,2
03-09-2007,27.9,1.32,2
04-09-2007,NA,NA,2
05-09-2007,NA,NA,2
06-09-2007,8.16,0.326,2
07-09-2007,NA,NA,2
08-09-2007,NA,NA,2
09-09-2007,4.72,0.333,2
10-09-2007,NA,NA,2
11-09-2007,NA,NA,2
12-09-2007,11.5,1.72,2
13-09-2007,NA,NA,2
14-09-2007,NA,NA,2
15-09-2007,NA,NA,2
16-09-2007,NA,NA,2
17-09-2007,NA,NA,2
18-09-2007,6.32,0.577,2
19-09-2007,NA,NA,2
20-09-2007,NA,NA,2
21-09-2007,4.3,0.321,2
22-09-2007,NA,NA,2
23-09-2007,NA,NA,2
24-09-2007,2.65,0.234,2
25-09-2007,NA,NA,2
26-09-2007,NA,NA,2
27-09-2007,7.82,0.483,2
28-09-2007,NA,NA,2
29-09-2007,NA,NA,2
30-09-2007,3.5,0.202,2
01-10-2007,NA,NA,2
02-10-2007,NA,NA,2
03-10-2007,3.57,0.533,2
04-10-2007,NA,NA,2
05-10-2007,NA,NA,2
06-10-2007,4.78,0.347,2
07-10-2007,NA,NA,2
08-10-2007,NA,NA,2
09-10-2007,3.88,0.451,2
10-10-2007,NA,NA,2
11-10-2007,NA,NA,2
12-10-2007,NA,NA,2
13-10-2007,4.36,0.648,2
14-10-2007,NA,NA,2
15-10-2007,4.76,0.279,2
16-10-2007,NA,NA,2
17-10-2007,NA,NA,2
18-10-2007,NA,NA,2
19-10-2007,NA,NA,2
20-10-2007,NA,NA,2
21-10-2007,2.39,0.462,2
22-10-2007,NA,NA,2
23-10-2007,NA,NA,2
24-10-2007,0.769,0.63,2
25-10-2007,NA,NA,2
26-10-2007,NA,NA,2
27-10-2007,2.85,0.963,2
28-10-2007,NA,NA,2
29-10-2007,NA,NA,2
30-10-2007,3.25,0.902,2
31-10-2007,NA,NA,2
01-11-2007,NA,NA,2
02-11-2007,6.56,1.27,2
03-11-2007,NA,NA,2
04-11-2007,NA,NA,2
05-11-2007,6.1,0.772,2
06-11-2007,NA,NA,2
07-11-2007,NA,NA,2
08-11-2007,NA,NA,2
09-11-2007,NA,NA,2
10-11-2007,NA,NA,2
11-11-2007,3.9,1.43,2
12-11-2007,NA,NA,2
13-11-2007,NA,NA,2
14-11-2007,5.48,1.05,2
15-11-2007,NA,NA,2
16-11-2007,NA,NA,2
17-11-2007,2.4,0.795,2
18-11-2007,NA,NA,2
19-11-2007,NA,NA,2
20-11-2007,4.03,0.702,2
21-11-2007,NA,NA,2
22-11-2007,NA,NA,2
23-11-2007,2.16,1.07,2
24-11-2007,NA,NA,2
25-11-2007,NA,NA,2
26-11-2007,1.32,0.186,2
27-11-2007,NA,NA,2
28-11-2007,NA,NA,2
29-11-2007,2.85,1.26,2
30-11-2007,NA,NA,2
01-12-2007,NA,NA,2
02-12-2007,4.62,0.537,2
03-12-2007,NA,NA,2
04-12-2007,NA,NA,2
05-12-2007,1.76,1.23,2
06-12-2007,NA,NA,2
07-12-2007,NA,NA,2
08-12-2007,6.25,0.74,2
09-12-2007,NA,NA,2
10-12-2007,NA,NA,2
11-12-2007,2.74,0.598,2
12-12-2007,NA,NA,2
13-12-2007,NA,NA,2
14-12-2007,NA,NA,2
15-12-2007,NA,NA,2
16-12-2007,NA,NA,2
17-12-2007,1.56,0.959,2
18-12-2007,NA,NA,2
19-12-2007,NA,NA,2
20-12-2007,3.02,1.5,2
21-12-2007,NA,NA,2
22-12-2007,NA,NA,2
23-12-2007,1.39,0.333,2
24-12-2007,NA,NA,2
25-12-2007,NA,NA,2
26-12-2007,NA,NA,2
27-12-2007,NA,NA,2
28-12-2007,NA,NA,2
29-12-2007,1.78,1.58,2
30-12-2007,NA,NA,2
31-12-2007,NA,NA,2
01-01-2008,0.775,0.541,2
02-01-2008,NA,NA,2
03-01-2008,NA,NA,2
04-01-2008,1.82,1.4,2
05-01-2008,NA,NA,2
06-01-2008,NA,NA,2
07-01-2008,1.71,0.642,2
08-01-2008,NA,NA,2
09-01-2008,NA,NA,2
10-01-2008,2.39,0.344,2
11-01-2008,NA,NA,2
12-01-2008,NA,NA,2
13-01-2008,NA,NA,2
14-01-2008,NA,NA,2
15-01-2008,NA,NA,2
16-01-2008,NA,NA,2
17-01-2008,NA,NA,2
18-01-2008,NA,NA,2
19-01-2008,1.21,1.84,2
20-01-2008,NA,NA,2
21-01-2008,NA,NA,2
22-01-2008,2.7,1.16,2
23-01-2008,NA,NA,2
24-01-2008,NA,NA,2
25-01-2008,2.08,3.85,2
26-01-2008,NA,NA,2
27-01-2008,NA,NA,2
28-01-2008,NA,NA,2
29-01-2008,NA,NA,2
30-01-2008,NA,NA,2
31-01-2008,1.46,0.803,2
01-02-2008,NA,NA,2
02-02-2008,NA,NA,2
03-02-2008,2.18,1.05,2
04-02-2008,NA,NA,2
05-02-2008,NA,NA,2
06-02-2008,1.7,0.234,2
07-02-2008,NA,NA,2
08-02-2008,NA,NA,2
09-02-2008,1.2,0.779,2
10-02-2008,NA,NA,2
11-02-2008,NA,NA,2
12-02-2008,1.21,0.428,2
13-02-2008,NA,NA,2
14-02-2008,NA,NA,2
15-02-2008,3.21,1.17,2
16-02-2008,NA,NA,2
17-02-2008,NA,NA,2
18-02-2008,1.56,0.291,2
19-02-2008,NA,NA,2
20-02-2008,NA,NA,2
21-02-2008,1.39,1.09,2
22-02-2008,NA,NA,2
23-02-2008,NA,NA,2
24-02-2008,4.8,2.75,2
25-02-2008,NA,NA,2
26-02-2008,NA,NA,2
27-02-2008,1.56,0.913,2
28-02-2008,NA,NA,2
29-02-2008,NA,NA,2
01-03-2008,2.72,1.51,2
02-03-2008,NA,NA,2
03-03-2008,NA,NA,2
04-03-2008,NA,NA,2
05-03-2008,NA,NA,2
06-03-2008,NA,NA,2
07-03-2008,3.67,1.7,2
08-03-2008,NA,NA,2
09-03-2008,NA,NA,2
10-03-2008,NA,NA,2
11-03-2008,NA,NA,2
12-03-2008,NA,NA,2
13-03-2008,2.34,0.823,2
14-03-2008,NA,NA,2
15-03-2008,NA,NA,2
16-03-2008,4.59,0.517,2
17-03-2008,NA,NA,2
18-03-2008,NA,NA,2
19-03-2008,2.31,0.288,2
20-03-2008,NA,NA,2
21-03-2008,NA,NA,2
22-03-2008,4.33,0.72,2
23-03-2008,NA,NA,2
24-03-2008,NA,NA,2
25-03-2008,3.72,1.13,2
26-03-2008,NA,NA,2
27-03-2008,NA,NA,2
28-03-2008,6.68,0.658,2
29-03-2008,NA,NA,2
30-03-2008,NA,NA,2
31-03-2008,5.51,0.35,2
01-04-2008,NA,NA,2
02-04-2008,NA,NA,2
03-04-2008,NA,0.424,2
04-04-2008,NA,NA,2
05-04-2008,NA,NA,2
06-04-2008,6.8,1.2,2
07-04-2008,NA,NA,2
08-04-2008,4.48,0.301,2
09-04-2008,NA,NA,2
10-04-2008,NA,NA,2
11-04-2008,NA,NA,2
12-04-2008,1.38,0.226,2
13-04-2008,NA,NA,2
14-04-2008,NA,NA,2
15-04-2008,4.74,1.42,2
16-04-2008,NA,NA,2
17-04-2008,NA,NA,2
18-04-2008,2.75,0.687,2
19-04-2008,NA,NA,2
20-04-2008,NA,NA,2
21-04-2008,5.34,0.834,2
22-04-2008,NA,NA,2
23-04-2008,NA,NA,2
24-04-2008,2.95,0.517,2
25-04-2008,NA,NA,2
26-04-2008,NA,NA,2
27-04-2008,2.49,0.69,2
28-04-2008,NA,NA,2
29-04-2008,NA,NA,2
30-04-2008,2.66,0.718,2
01-05-2008,NA,NA,2
02-05-2008,NA,NA,2
03-05-2008,1.8,0.314,2
04-05-2008,NA,NA,2
05-05-2008,NA,NA,2
06-05-2008,5.12,0.75,2
07-05-2008,NA,NA,2
08-05-2008,NA,NA,2
09-05-2008,2.17,0.727,2
10-05-2008,NA,NA,2
11-05-2008,NA,NA,2
12-05-2008,1.84,0.31,2
13-05-2008,NA,NA,2
14-05-2008,NA,NA,2
15-05-2008,2.82,0.459,2
16-05-2008,NA,NA,2
17-05-2008,NA,NA,2
18-05-2008,2.61,0.361,2
19-05-2008,NA,NA,2
20-05-2008,NA,NA,2
21-05-2008,5.31,0.483,2
22-05-2008,NA,NA,2
23-05-2008,NA,NA,2
24-05-2008,NA,NA,2
25-05-2008,NA,NA,2
26-05-2008,NA,NA,2
27-05-2008,3.48,0.51,2
28-05-2008,NA,NA,2
29-05-2008,NA,NA,2
30-05-2008,7.78,0.499,2
31-05-2008,NA,NA,2
01-06-2008,NA,NA,2
02-06-2008,4.22,0.506,2
03-06-2008,NA,NA,2
04-06-2008,NA,NA,2
05-06-2008,2.52,0.28,2
06-06-2008,NA,NA,2
07-06-2008,NA,NA,2
08-06-2008,3.71,0.417,2
09-06-2008,NA,NA,2
10-06-2008,NA,NA,2
11-06-2008,5.81,0.696,2
12-06-2008,NA,NA,2
13-06-2008,NA,NA,2
14-06-2008,2.02,0.369,2
15-06-2008,NA,NA,2
16-06-2008,NA,NA,2
17-06-2008,2.79,0.271,2
18-06-2008,NA,NA,2
19-06-2008,NA,NA,2
20-06-2008,5.6,0.666,2
21-06-2008,NA,NA,2
22-06-2008,NA,NA,2
23-06-2008,4.75,0.516,2
24-06-2008,NA,NA,2
25-06-2008,NA,NA,2
26-06-2008,2.42,0.42,2
27-06-2008,NA,NA,2
28-06-2008,NA,NA,2
29-06-2008,1.96,0.38,2
30-06-2008,NA,NA,2
01-07-2008,NA,NA,2
02-07-2008,4.65,0.467,2
03-07-2008,NA,NA,2
04-07-2008,NA,NA,2
05-07-2008,2.72,0.749,2
06-07-2008,NA,NA,2
07-07-2008,NA,NA,2
08-07-2008,4.18,0.363,2
09-07-2008,NA,NA,2
10-07-2008,NA,NA,2
11-07-2008,3.65,0.364,2
12-07-2008,NA,NA,2
13-07-2008,NA,NA,2
14-07-2008,2.32,0.205,2
15-07-2008,NA,NA,2
16-07-2008,NA,NA,2
17-07-2008,12.6,0.545,2
18-07-2008,NA,NA,2
19-07-2008,NA,NA,2
20-07-2008,11,0.414,2
21-07-2008,NA,NA,2
22-07-2008,NA,NA,2
23-07-2008,3.27,0.499,2
24-07-2008,NA,NA,2
25-07-2008,NA,NA,2
26-07-2008,1.82,0.427,2
27-07-2008,NA,NA,2
28-07-2008,NA,NA,2
29-07-2008,4.37,0.528,2
30-07-2008,NA,NA,2
31-07-2008,NA,NA,2
01-08-2008,4.2,0.348,2
02-08-2008,NA,NA,2
03-08-2008,NA,NA,2
04-08-2008,3.17,0.359,2
05-08-2008,NA,NA,2
06-08-2008,NA,NA,2
07-08-2008,1.96,0.301,2
08-08-2008,NA,NA,2
09-08-2008,NA,NA,2
10-08-2008,4.53,0.301,2
11-08-2008,NA,NA,2
12-08-2008,NA,NA,2
13-08-2008,7.65,0.743,2
14-08-2008,NA,NA,2
15-08-2008,NA,NA,2
16-08-2008,9.16,0.495,2
17-08-2008,NA,NA,2
18-08-2008,NA,NA,2
19-08-2008,11,0.378,2
20-08-2008,NA,NA,2
21-08-2008,NA,NA,2
22-08-2008,6.32,0.389,2
23-08-2008,NA,NA,2
24-08-2008,NA,NA,2
25-08-2008,NA,NA,2
26-08-2008,NA,NA,2
27-08-2008,NA,NA,2
28-08-2008,11.7,0.519,2
29-08-2008,NA,NA,2
30-08-2008,NA,NA,2
31-08-2008,7.56,0.414,2
01-09-2008,NA,NA,2
02-09-2008,NA,NA,2
03-09-2008,5.79,0.302,2
04-09-2008,NA,NA,2
05-09-2008,NA,NA,2
06-09-2008,4.71,0.245,2
07-09-2008,NA,NA,2
08-09-2008,NA,NA,2
09-09-2008,4.31,0.345,2
10-09-2008,NA,NA,2
11-09-2008,NA,NA,2
12-09-2008,3.13,0.516,2
13-09-2008,NA,NA,2
14-09-2008,NA,NA,2
15-09-2008,2.59,0.194,2
16-09-2008,NA,NA,2
17-09-2008,NA,NA,2
18-09-2008,7.99,1.39,2
19-09-2008,NA,NA,2
20-09-2008,NA,NA,2
21-09-2008,4.82,0.578,2
22-09-2008,NA,NA,2
23-09-2008,NA,NA,2
24-09-2008,NA,NA,2
25-09-2008,NA,NA,2
26-09-2008,NA,NA,2
27-09-2008,4.24,0.385,2
28-09-2008,NA,NA,2
29-09-2008,NA,NA,2
30-09-2008,6.26,0.443,2
01-10-2008,NA,NA,2
02-10-2008,NA,NA,2
03-10-2008,3.87,0.881,2
04-10-2008,NA,NA,2
05-10-2008,NA,NA,2
06-10-2008,6.75,0.544,2
07-10-2008,NA,NA,2
08-10-2008,NA,NA,2
09-10-2008,2.92,0.716,2
10-10-2008,NA,NA,2
11-10-2008,NA,NA,2
12-10-2008,2.27,0.314,2
13-10-2008,NA,NA,2
14-10-2008,NA,NA,2
15-10-2008,4.99,0.668,2
16-10-2008,NA,NA,2
17-10-2008,NA,NA,2
18-10-2008,3.26,1.05,2
19-10-2008,NA,NA,2
20-10-2008,NA,NA,2
21-10-2008,6.58,0.868,2
22-10-2008,NA,NA,2
23-10-2008,NA,NA,2
24-10-2008,NA,NA,2
25-10-2008,NA,NA,2
26-10-2008,NA,NA,2
27-10-2008,0.858,0.151,2
28-10-2008,NA,NA,2
29-10-2008,NA,NA,2
30-10-2008,4.03,1.34,2
31-10-2008,NA,NA,2
01-11-2008,NA,NA,2
02-11-2008,6.52,1.23,2
03-11-2008,NA,NA,2
04-11-2008,NA,NA,2
05-11-2008,4.11,1.06,2
06-11-2008,NA,NA,2
07-11-2008,NA,NA,2
08-11-2008,0.718,0.388,2
09-11-2008,NA,NA,2
10-11-2008,NA,NA,2
11-11-2008,3.33,0.709,2
12-11-2008,NA,NA,2
13-11-2008,NA,NA,2
14-11-2008,5.27,0.998,2
15-11-2008,NA,NA,2
16-11-2008,NA,NA,2
17-11-2008,1.55,0.767,2
18-11-2008,NA,NA,2
19-11-2008,NA,NA,2
20-11-2008,2.87,2.58,2
21-11-2008,NA,NA,2
22-11-2008,NA,NA,2
23-11-2008,NA,NA,2
24-11-2008,NA,NA,2
25-11-2008,NA,NA,2
26-11-2008,NA,NA,2
27-11-2008,NA,NA,2
28-11-2008,NA,NA,2
29-11-2008,5.44,1.79,2
30-11-2008,NA,NA,2
01-12-2008,NA,NA,2
02-12-2008,1.96,1.33,2
03-12-2008,NA,NA,2
04-12-2008,NA,NA,2
05-12-2008,1.89,4.38,2
06-12-2008,NA,NA,2
07-12-2008,NA,NA,2
08-12-2008,1.85,1.32,2
09-12-2008,NA,NA,2
10-12-2008,NA,NA,2
11-12-2008,0.725,0.275,2
12-12-2008,NA,NA,2
13-12-2008,NA,NA,2
14-12-2008,2.22,0.477,2
15-12-2008,NA,NA,2
16-12-2008,NA,NA,2
17-12-2008,2.75,0.54,2
18-12-2008,NA,NA,2
19-12-2008,NA,NA,2
20-12-2008,3.15,0.516,2
21-12-2008,NA,NA,2
22-12-2008,NA,NA,2
23-12-2008,1.75,1.09,2
24-12-2008,NA,NA,2
25-12-2008,NA,NA,2
26-12-2008,2.67,0.371,2
27-12-2008,NA,NA,2
28-12-2008,NA,NA,2
29-12-2008,1.05,0.497,2
30-12-2008,NA,NA,2
31-12-2008,NA,NA,2
01-01-2009,1.33,0.622,2
02-01-2009,NA,NA,2
03-01-2009,NA,NA,2
04-01-2009,1.87,0.719,2
05-01-2009,NA,NA,2
06-01-2009,NA,NA,2
07-01-2009,0.764,0.571,2
08-01-2009,NA,NA,2
09-01-2009,NA,NA,2
10-01-2009,2.42,0.603,2
11-01-2009,NA,NA,2
12-01-2009,NA,NA,2
13-01-2009,2.61,1.51,2
14-01-2009,NA,NA,2
15-01-2009,NA,NA,2
16-01-2009,1.28,2.31,2
17-01-2009,NA,NA,2
18-01-2009,NA,NA,2
19-01-2009,1.72,0.907,2
20-01-2009,NA,NA,2
21-01-2009,NA,NA,2
22-01-2009,3,2.23,2
23-01-2009,NA,NA,2
24-01-2009,NA,NA,2
25-01-2009,5.22,5.84,2
26-01-2009,NA,NA,2
27-01-2009,NA,NA,2
28-01-2009,NA,NA,2
29-01-2009,NA,NA,2
30-01-2009,NA,NA,2
31-01-2009,1.96,1.24,2
01-02-2009,NA,NA,2
02-02-2009,NA,NA,2
03-02-2009,0.828,0.67,2
04-02-2009,NA,NA,2
05-02-2009,NA,NA,2
06-02-2009,1.3,0.877,2
07-02-2009,NA,NA,2
08-02-2009,NA,NA,2
09-02-2009,2.65,0.676,2
10-02-2009,NA,NA,2
11-02-2009,NA,NA,2
12-02-2009,1.1,0.381,2
13-02-2009,NA,NA,2
14-02-2009,NA,NA,2
15-02-2009,4.47,3.01,2
16-02-2009,NA,NA,2
17-02-2009,NA,NA,2
18-02-2009,3.69,0.506,2
19-02-2009,NA,NA,2
20-02-2009,NA,NA,2
21-02-2009,1.34,0.926,2
22-02-2009,NA,NA,2
23-02-2009,NA,NA,2
24-02-2009,2.62,1.53,2
25-02-2009,NA,NA,2
26-02-2009,NA,NA,2
27-02-2009,1.37,0.414,2
28-02-2009,NA,NA,2
01-03-2009,NA,NA,2
02-03-2009,2.2,2.18,2
03-03-2009,NA,NA,2
04-03-2009,NA,NA,2
05-03-2009,2.68,0.909,2
06-03-2009,NA,NA,2
07-03-2009,NA,NA,2
08-03-2009,3.03,0.751,2
09-03-2009,NA,NA,2
10-03-2009,NA,NA,2
11-03-2009,1.79,0.665,2
12-03-2009,NA,NA,2
13-03-2009,NA,NA,2
14-03-2009,2.32,0.741,2
15-03-2009,NA,NA,2
16-03-2009,NA,NA,2
17-03-2009,5.28,0.775,2
18-03-2009,NA,NA,2
19-03-2009,NA,NA,2
20-03-2009,1.6,0.511,2
21-03-2009,NA,NA,2
22-03-2009,NA,NA,2
23-03-2009,3,0.657,2
24-03-2009,NA,NA,2
25-03-2009,NA,NA,2
26-03-2009,1.67,0.365,2
27-03-2009,NA,NA,2
28-03-2009,NA,NA,2
29-03-2009,1.55,0.186,2
30-03-2009,NA,NA,2
31-03-2009,NA,NA,2
01-04-2009,1.71,0.517,2
02-04-2009,NA,NA,2
03-04-2009,NA,NA,2
04-04-2009,3.73,0.52,2
05-04-2009,NA,NA,2
06-04-2009,NA,NA,2
07-04-2009,1.43,0.517,2
08-04-2009,NA,NA,2
09-04-2009,NA,NA,2
10-04-2009,2.71,0.593,2
11-04-2009,NA,NA,2
12-04-2009,NA,NA,2
13-04-2009,NA,NA,2
14-04-2009,NA,NA,2
15-04-2009,NA,NA,2
16-04-2009,5.11,0.879,2
17-04-2009,NA,NA,2
18-04-2009,NA,NA,2
19-04-2009,2.07,0.556,2
20-04-2009,NA,NA,2
21-04-2009,NA,NA,2
22-04-2009,1.75,0.42,2
23-04-2009,NA,NA,2
24-04-2009,NA,NA,2
25-04-2009,2.34,0.467,2
26-04-2009,NA,NA,2
27-04-2009,NA,NA,2
28-04-2009,2.46,0.686,2
29-04-2009,NA,NA,2
30-04-2009,NA,NA,2
01-05-2009,NA,NA,2
02-05-2009,NA,NA,2
03-05-2009,NA,NA,2
04-05-2009,1.86,0.457,2
05-05-2009,NA,NA,2
06-05-2009,NA,NA,2
07-05-2009,3.3,0.827,2
08-05-2009,NA,NA,2
09-05-2009,NA,NA,2
10-05-2009,2.58,0.686,2
11-05-2009,NA,NA,2
12-05-2009,NA,NA,2
13-05-2009,4.65,0.405,2
14-05-2009,NA,NA,2
15-05-2009,NA,NA,2
16-05-2009,1.76,0.319,2
17-05-2009,NA,NA,2
18-05-2009,NA,NA,2
19-05-2009,2.18,0.333,2
20-05-2009,NA,NA,2
21-05-2009,NA,NA,2
22-05-2009,2.69,0.428,2
23-05-2009,NA,NA,2
24-05-2009,NA,NA,2
25-05-2009,1.43,0.147,2
26-05-2009,NA,NA,2
27-05-2009,NA,NA,2
28-05-2009,2.56,0.225,2
29-05-2009,NA,NA,2
30-05-2009,NA,NA,2
31-05-2009,2.48,0.292,2
01-06-2009,NA,NA,2
02-06-2009,NA,NA,2
03-06-2009,4.77,0.698,2
04-06-2009,NA,NA,2
05-06-2009,NA,NA,2
06-06-2009,5.02,0.768,2
07-06-2009,NA,NA,2
08-06-2009,NA,NA,2
09-06-2009,4.26,0.414,2
10-06-2009,NA,NA,2
11-06-2009,NA,NA,2
12-06-2009,NA,NA,2
13-06-2009,NA,NA,2
14-06-2009,NA,NA,2
15-06-2009,4.33,0.418,2
16-06-2009,NA,NA,2
17-06-2009,NA,NA,2
18-06-2009,4.56,0.423,2
19-06-2009,NA,NA,2
20-06-2009,NA,NA,2
21-06-2009,NA,0.231,2
22-06-2009,NA,NA,2
23-06-2009,NA,NA,2
24-06-2009,5.38,0.182,2
25-06-2009,NA,NA,2
26-06-2009,NA,NA,2
27-06-2009,8.32,0.41,2
28-06-2009,NA,NA,2
29-06-2009,NA,NA,2
30-06-2009,1.68,0.214,2
01-07-2009,NA,NA,2
02-07-2009,NA,NA,2
03-07-2009,2.57,0.252,2
04-07-2009,NA,NA,2
05-07-2009,NA,NA,2
06-07-2009,4.03,0.405,2
07-07-2009,NA,NA,2
08-07-2009,NA,NA,2
09-07-2009,5.3,0.397,2
10-07-2009,NA,NA,2
11-07-2009,NA,NA,2
12-07-2009,3.21,0.197,2
13-07-2009,NA,NA,2
14-07-2009,NA,NA,2
15-07-2009,5.71,0.297,2
16-07-2009,NA,NA,2
17-07-2009,NA,NA,2
18-07-2009,2.39,0.173,2
19-07-2009,NA,NA,2
20-07-2009,NA,NA,2
21-07-2009,4.01,0.377,2
22-07-2009,NA,NA,2
23-07-2009,NA,NA,2
24-07-2009,NA,NA,2
25-07-2009,NA,NA,2
26-07-2009,NA,NA,2
27-07-2009,NA,NA,2
28-07-2009,NA,NA,2
29-07-2009,NA,NA,2
30-07-2009,1.91,0.393,2
31-07-2009,NA,NA,2
01-08-2009,NA,NA,2
02-08-2009,1.53,0.248,2
03-08-2009,NA,NA,2
04-08-2009,NA,NA,2
05-08-2009,NA,NA,2
06-08-2009,NA,NA,2
07-08-2009,NA,NA,2
08-08-2009,4.56,0.381,2
09-08-2009,NA,NA,2
10-08-2009,NA,NA,2
11-08-2009,2.28,0.361,2
12-08-2009,NA,NA,2
13-08-2009,NA,NA,2
14-08-2009,7.09,0.35,2
15-08-2009,NA,NA,2
16-08-2009,NA,NA,2
17-08-2009,1.53,0.341,2
18-08-2009,NA,NA,2
19-08-2009,NA,NA,2
20-08-2009,2.03,0.209,2
21-08-2009,NA,NA,2
22-08-2009,NA,NA,2
23-08-2009,2.25,0.136,2
24-08-2009,NA,NA,2
25-08-2009,NA,NA,2
26-08-2009,4.1,0.363,2
27-08-2009,NA,NA,2
28-08-2009,NA,NA,2
29-08-2009,3.71,0.581,2
30-08-2009,NA,NA,2
31-08-2009,NA,NA,2
01-09-2009,5.03,0.344,2
02-09-2009,NA,NA,2
03-09-2009,NA,NA,2
04-09-2009,5.38,0.48,2
05-09-2009,NA,NA,2
06-09-2009,NA,NA,2
07-09-2009,6.5,0.355,2
08-09-2009,NA,NA,2
09-09-2009,NA,NA,2
10-09-2009,5.39,0.389,2
11-09-2009,NA,NA,2
12-09-2009,NA,NA,2
13-09-2009,6.23,0.459,2
14-09-2009,NA,NA,2
15-09-2009,NA,NA,2
16-09-2009,1.97,0.162,2
17-09-2009,NA,NA,2
18-09-2009,NA,NA,2
19-09-2009,1.3,0.134,2
20-09-2009,NA,NA,2
21-09-2009,NA,NA,2
22-09-2009,4.52,0.246,2
23-09-2009,NA,NA,2
24-09-2009,NA,NA,2
25-09-2009,2.11,0.38,2
26-09-2009,NA,NA,2
27-09-2009,NA,NA,2
28-09-2009,2.3,0.19,2
29-09-2009,NA,NA,2
30-09-2009,NA,NA,2
01-10-2009,2.46,0.382,2
02-10-2009,NA,NA,2
03-10-2009,NA,NA,2
04-10-2009,1.96,0.316,2
05-10-2009,NA,NA,2
06-10-2009,NA,NA,2
07-10-2009,1.3,0.175,2
08-10-2009,NA,NA,2
09-10-2009,NA,NA,2
10-10-2009,1.32,0.233,2
11-10-2009,NA,NA,2
12-10-2009,NA,NA,2
13-10-2009,3.51,0.334,2
14-10-2009,NA,NA,2
15-10-2009,NA,NA,2
16-10-2009,1.76,0.153,2
17-10-2009,NA,NA,2
18-10-2009,NA,NA,2
19-10-2009,2.46,0.615,2
20-10-2009,NA,NA,2
21-10-2009,NA,NA,2
22-10-2009,NA,NA,2
23-10-2009,1.02,0.227,2
24-10-2009,NA,NA,2
25-10-2009,1.54,0.349,2
26-10-2009,NA,NA,2
27-10-2009,NA,NA,2
28-10-2009,3.61,0.487,2
29-10-2009,NA,NA,2
30-10-2009,NA,NA,2
31-10-2009,0.692,0.217,2
01-11-2009,NA,NA,2
02-11-2009,NA,NA,2
03-11-2009,2.56,0.533,2
04-11-2009,NA,NA,2
05-11-2009,NA,NA,2
06-11-2009,2.04,0.562,2
07-11-2009,NA,NA,2
08-11-2009,NA,NA,2
09-11-2009,3.36,0.56,2
10-11-2009,NA,NA,2
11-11-2009,NA,NA,2
12-11-2009,0.954,0.225,2
13-11-2009,NA,NA,2
14-11-2009,NA,NA,2
15-11-2009,3.91,1.25,2
16-11-2009,NA,NA,2
17-11-2009,NA,NA,2
18-11-2009,1.56,0.619,2
19-11-2009,NA,NA,2
20-11-2009,NA,NA,2
21-11-2009,2.88,0.842,2
22-11-2009,NA,NA,2
23-11-2009,NA,NA,2
24-11-2009,3,0.454,2
25-11-2009,NA,NA,2
26-11-2009,NA,NA,2
27-11-2009,0.916,0.424,2
28-11-2009,NA,NA,2
29-11-2009,NA,NA,2
30-11-2009,2.45,1.25,2
01-12-2009,NA,NA,2
02-12-2009,NA,NA,2
03-12-2009,3.27,1.95,2
04-12-2009,NA,NA,2
05-12-2009,NA,NA,2
06-12-2009,2.98,2.1,2
07-12-2009,NA,NA,2
08-12-2009,NA,NA,2
09-12-2009,2.14,0.373,2
10-12-2009,NA,NA,2
11-12-2009,NA,NA,2
12-12-2009,0.879,0.952,2
13-12-2009,NA,NA,2
14-12-2009,NA,NA,2
15-12-2009,3.59,1.74,2
16-12-2009,NA,NA,2
17-12-2009,NA,NA,2
18-12-2009,1.11,0.665,2
19-12-2009,NA,NA,2
20-12-2009,NA,NA,2
21-12-2009,3.23,2.55,2
22-12-2009,NA,NA,2
23-12-2009,NA,NA,2
24-12-2009,2.57,0.485,2
25-12-2009,NA,NA,2
26-12-2009,NA,NA,2
27-12-2009,0.996,0.356,2
28-12-2009,NA,NA,2
29-12-2009,NA,NA,2
30-12-2009,2.26,0.804,2
31-12-2009,NA,NA,2
01-01-2010,NA,NA,2
02-01-2010,1.57,1.55,2
03-01-2010,NA,NA,2
04-01-2010,NA,NA,2
05-01-2010,1.22,2.3,2
06-01-2010,NA,NA,2
07-01-2010,NA,NA,2
08-01-2010,NA,NA,2
09-01-2010,NA,NA,2
10-01-2010,NA,NA,2
11-01-2010,NA,NA,2
12-01-2010,NA,NA,2
13-01-2010,NA,NA,2
14-01-2010,3.86,3.5,2
15-01-2010,NA,NA,2
16-01-2010,NA,NA,2
17-01-2010,0.852,0.465,2
18-01-2010,NA,NA,2
19-01-2010,NA,NA,2
20-01-2010,2.03,0.427,2
21-01-2010,NA,NA,2
22-01-2010,NA,NA,2
23-01-2010,3.66,1.02,2
24-01-2010,NA,NA,2
25-01-2010,NA,NA,2
26-01-2010,0.876,0.186,2
27-01-2010,NA,NA,2
28-01-2010,NA,NA,2
29-01-2010,2.31,1.93,2
30-01-2010,NA,NA,2
31-01-2010,NA,NA,2
01-02-2010,3.25,1.03,2
02-02-2010,NA,NA,2
03-02-2010,NA,NA,2
04-02-2010,4.02,1.98,2
05-02-2010,NA,NA,2
06-02-2010,NA,NA,2
07-02-2010,6.21,1.15,2
08-02-2010,NA,NA,2
09-02-2010,NA,NA,2
10-02-2010,3.52,1.86,2
11-02-2010,NA,NA,2
12-02-2010,NA,NA,2
13-02-2010,2.29,2.28,2
14-02-2010,NA,NA,2
15-02-2010,NA,NA,2
16-02-2010,1.83,0.905,2
17-02-2010,NA,NA,2
18-02-2010,NA,NA,2
19-02-2010,1.44,1.08,2
20-02-2010,NA,NA,2
21-02-2010,NA,NA,2
22-02-2010,1.45,0.821,2
23-02-2010,NA,NA,2
24-02-2010,NA,NA,2
25-02-2010,2.4,0.894,2
26-02-2010,NA,NA,2
27-02-2010,NA,NA,2
28-02-2010,1.32,1.64,2
01-03-2010,NA,NA,2
02-03-2010,NA,NA,2
03-03-2010,4.48,1.81,2
04-03-2010,NA,NA,2
05-03-2010,NA,NA,2
06-03-2010,1.53,1.81,2
07-03-2010,NA,NA,2
08-03-2010,NA,NA,2
09-03-2010,2.13,0.593,2
10-03-2010,NA,NA,2
11-03-2010,NA,NA,2
12-03-2010,1.23,0.203,2
13-03-2010,NA,NA,2
14-03-2010,NA,NA,2
15-03-2010,2.71,0.199,2
16-03-2010,NA,NA,2
17-03-2010,NA,NA,2
18-03-2010,4.38,2.84,2
19-03-2010,NA,NA,2
20-03-2010,NA,NA,2
21-03-2010,1.97,0.279,2
22-03-2010,NA,NA,2
23-03-2010,NA,NA,2
24-03-2010,5.2,0.97,2
25-03-2010,NA,NA,2
26-03-2010,NA,NA,2
27-03-2010,2.62,0.698,2
28-03-2010,NA,NA,2
29-03-2010,NA,NA,2
30-03-2010,3.04,0.502,2
31-03-2010,NA,NA,2
01-04-2010,NA,NA,2
02-04-2010,NA,0.415,2
03-04-2010,NA,NA,2
04-04-2010,NA,NA,2
05-04-2010,3.96,0.518,2
06-04-2010,NA,NA,2
07-04-2010,NA,NA,2
08-04-2010,1.77,0.192,2
09-04-2010,NA,NA,2
10-04-2010,NA,NA,2
11-04-2010,3.09,0.889,2
12-04-2010,NA,NA,2
13-04-2010,NA,NA,2
14-04-2010,4.09,0.878,2
15-04-2010,NA,NA,2
16-04-2010,NA,NA,2
17-04-2010,4.66,0.711,2
18-04-2010,NA,NA,2
19-04-2010,NA,NA,2
20-04-2010,2.4,0.707,2
21-04-2010,NA,NA,2
22-04-2010,NA,NA,2
23-04-2010,3.61,0.723,2
24-04-2010,NA,NA,2
25-04-2010,NA,NA,2
26-04-2010,1.55,0.211,2
27-04-2010,NA,NA,2
28-04-2010,NA,NA,2
29-04-2010,2.52,0.418,2
30-04-2010,NA,NA,2
01-05-2010,NA,NA,2
02-05-2010,2.72,0.47,2
03-05-2010,NA,NA,2
04-05-2010,NA,NA,2
05-05-2010,2.6,0.646,2
06-05-2010,NA,NA,2
07-05-2010,NA,NA,2
08-05-2010,2.67,0.205,2
09-05-2010,NA,NA,2
10-05-2010,NA,NA,2
11-05-2010,3.57,0.524,2
12-05-2010,NA,NA,2
13-05-2010,NA,NA,2
14-05-2010,NA,NA,2
15-05-2010,NA,NA,2
16-05-2010,NA,NA,2
17-05-2010,NA,NA,2
18-05-2010,NA,NA,2
19-05-2010,NA,NA,2
20-05-2010,NA,NA,2
21-05-2010,NA,NA,2
22-05-2010,NA,NA,2
23-05-2010,NA,NA,2
24-05-2010,NA,NA,2
25-05-2010,NA,NA,2
26-05-2010,NA,NA,2
27-05-2010,NA,NA,2
28-05-2010,NA,NA,2
29-05-2010,NA,NA,2
30-05-2010,NA,NA,2
31-05-2010,NA,NA,2
01-06-2010,NA,NA,2
02-06-2010,NA,NA,2
03-06-2010,NA,NA,2
04-06-2010,NA,NA,2
05-06-2010,NA,NA,2
06-06-2010,NA,NA,2
07-06-2010,NA,NA,2
08-06-2010,NA,NA,2
09-06-2010,NA,NA,2
10-06-2010,NA,NA,2
11-06-2010,NA,NA,2
12-06-2010,NA,NA,2
13-06-2010,NA,NA,2
14-06-2010,NA,NA,2
15-06-2010,NA,NA,2
16-06-2010,NA,NA,2
17-06-2010,NA,NA,2
18-06-2010,NA,NA,2
19-06-2010,NA,NA,2
20-06-2010,NA,NA,2
21-06-2010,NA,NA,2
22-06-2010,NA,NA,2
23-06-2010,NA,NA,2
24-06-2010,NA,NA,2
25-06-2010,NA,NA,2
26-06-2010,NA,NA,2
27-06-2010,NA,NA,2
28-06-2010,NA,NA,2
29-06-2010,NA,NA,2
30-06-2010,NA,NA,2
01-07-2010,NA,NA,2
02-07-2010,NA,NA,2
03-07-2010,NA,NA,2
04-07-2010,NA,NA,2
05-07-2010,NA,NA,2
06-07-2010,NA,NA,2
07-07-2010,NA,NA,2
08-07-2010,NA,NA,2
09-07-2010,NA,NA,2
10-07-2010,NA,NA,2
11-07-2010,NA,NA,2
12-07-2010,NA,NA,2
13-07-2010,NA,NA,2
14-07-2010,NA,NA,2
15-07-2010,NA,NA,2
16-07-2010,NA,NA,2
17-07-2010,NA,NA,2
18-07-2010,NA,NA,2
19-07-2010,NA,NA,2
20-07-2010,NA,NA,2
21-07-2010,NA,NA,2
22-07-2010,NA,NA,2
23-07-2010,NA,NA,2
24-07-2010,NA,NA,2
25-07-2010,NA,NA,2
26-07-2010,NA,NA,2
27-07-2010,NA,NA,2
28-07-2010,NA,NA,2
29-07-2010,NA,NA,2
30-07-2010,NA,NA,2
31-07-2010,NA,NA,2
01-08-2010,NA,NA,2
02-08-2010,NA,NA,2
03-08-2010,NA,NA,2
04-08-2010,NA,NA,2
05-08-2010,NA,NA,2
06-08-2010,NA,NA,2
07-08-2010,NA,NA,2
08-08-2010,NA,NA,2
09-08-2010,NA,NA,2
10-08-2010,NA,NA,2
11-08-2010,NA,NA,2
12-08-2010,NA,NA,2
13-08-2010,NA,NA,2
14-08-2010,NA,NA,2
15-08-2010,NA,NA,2
16-08-2010,NA,NA,2
17-08-2010,NA,NA,2
18-08-2010,NA,NA,2
19-08-2010,NA,NA,2
20-08-2010,NA,NA,2
21-08-2010,NA,NA,2
22-08-2010,NA,NA,2
23-08-2010,NA,NA,2
24-08-2010,NA,NA,2
25-08-2010,NA,NA,2
26-08-2010,NA,NA,2
27-08-2010,NA,NA,2
28-08-2010,NA,NA,2
29-08-2010,NA,NA,2
30-08-2010,NA,NA,2
31-08-2010,NA,NA,2
01-09-2010,NA,NA,2
02-09-2010,NA,NA,2
03-09-2010,NA,NA,2
04-09-2010,NA,NA,2
05-09-2010,NA,NA,2
06-09-2010,NA,NA,2
07-09-2010,NA,NA,2
08-09-2010,NA,NA,2
09-09-2010,NA,NA,2
10-09-2010,NA,NA,2
11-09-2010,NA,NA,2
12-09-2010,NA,NA,2
13-09-2010,NA,NA,2
14-09-2010,NA,NA,2
15-09-2010,NA,NA,2
16-09-2010,NA,NA,2
17-09-2010,NA,NA,2
18-09-2010,NA,NA,2
19-09-2010,NA,NA,2
20-09-2010,NA,NA,2
21-09-2010,NA,NA,2
22-09-2010,NA,NA,2
23-09-2010,NA,NA,2
24-09-2010,NA,NA,2
25-09-2010,NA,NA,2
26-09-2010,NA,NA,2
27-09-2010,NA,NA,2
28-09-2010,NA,NA,2
29-09-2010,NA,NA,2
30-09-2010,NA,NA,2
01-10-2010,NA,NA,2
02-10-2010,NA,NA,2
03-10-2010,NA,NA,2
04-10-2010,NA,NA,2
05-10-2010,NA,NA,2
06-10-2010,NA,NA,2
07-10-2010,NA,NA,2
08-10-2010,NA,NA,2
09-10-2010,NA,NA,2
10-10-2010,NA,NA,2
11-10-2010,NA,NA,2
12-10-2010,NA,NA,2
13-10-2010,NA,NA,2
14-10-2010,NA,NA,2
15-10-2010,NA,NA,2
16-10-2010,NA,NA,2
17-10-2010,NA,NA,2
18-10-2010,NA,NA,2
19-10-2010,NA,NA,2
20-10-2010,NA,NA,2
21-10-2010,NA,NA,2
22-10-2010,NA,NA,2
23-10-2010,NA,NA,2
24-10-2010,NA,NA,2
25-10-2010,NA,NA,2
26-10-2010,NA,NA,2
27-10-2010,NA,NA,2
28-10-2010,NA,NA,2
29-10-2010,NA,NA,2
30-10-2010,NA,NA,2
31-10-2010,NA,NA,2
01-11-2010,NA,NA,2
02-11-2010,NA,NA,2
03-11-2010,NA,NA,2
04-11-2010,NA,NA,2
05-11-2010,NA,NA,2
06-11-2010,NA,NA,2
07-11-2010,NA,NA,2
08-11-2010,NA,NA,2
09-11-2010,NA,NA,2
10-11-2010,NA,NA,2
11-11-2010,NA,NA,2
12-11-2010,NA,NA,2
13-11-2010,NA,NA,2
14-11-2010,NA,NA,2
15-11-2010,NA,NA,2
16-11-2010,NA,NA,2
17-11-2010,NA,NA,2
18-11-2010,NA,NA,2
19-11-2010,NA,NA,2
20-11-2010,NA,NA,2
21-11-2010,NA,NA,2
22-11-2010,NA,NA,2
23-11-2010,NA,NA,2
24-11-2010,NA,NA,2
25-11-2010,NA,NA,2
26-11-2010,NA,NA,2
27-11-2010,NA,NA,2
28-11-2010,NA,NA,2
29-11-2010,NA,NA,2
30-11-2010,NA,NA,2
01-12-2010,NA,NA,2
02-12-2010,NA,NA,2
03-12-2010,NA,NA,2
04-12-2010,NA,NA,2
05-12-2010,NA,NA,2
06-12-2010,NA,NA,2
07-12-2010,NA,NA,2
08-12-2010,NA,NA,2
09-12-2010,NA,NA,2
10-12-2010,NA,NA,2
11-12-2010,NA,NA,2
12-12-2010,NA,NA,2
13-12-2010,NA,NA,2
14-12-2010,NA,NA,2
15-12-2010,NA,NA,2
16-12-2010,NA,NA,2
17-12-2010,NA,NA,2
18-12-2010,NA,NA,2
19-12-2010,NA,NA,2
20-12-2010,NA,NA,2
21-12-2010,NA,NA,2
22-12-2010,NA,NA,2
23-12-2010,NA,NA,2
24-12-2010,NA,NA,2
25-12-2010,NA,NA,2
26-12-2010,NA,NA,2
27-12-2010,NA,NA,2
28-12-2010,NA,NA,2
29-12-2010,NA,NA,2
30-12-2010,NA,NA,2
31-12-2010,NA,NA,2
